id,firstname,surname,born,died,bornCountry,bornCountryCode,bornCity,diedCountry,diedCountryCode,diedCity,gender,prizes
1,Wilhelm Conrad,Röntgen,1845-03-27,1923-02-10,Prussia (now Germany),DE,Lennep (now Remscheid),Germany,DE,Munich,male,
2,Hendrik A.,Lorentz,1853-07-18,1928-02-04,the Netherlands,NL,Arnhem,the Netherlands,NL,NA,male,
3,Pieter,Zeeman,1865-05-25,1943-10-09,the Netherlands,NL,Zonnemaire,the Netherlands,NL,Amsterdam,male,
4,Henri,Becquerel,1852-12-15,1908-08-25,France,FR,Paris,France,FR,NA,male,
5,Pierre,Curie,1859-05-15,1906-04-19,France,FR,Paris,France,FR,Paris,male,
6,Marie,Curie,1867-11-07,1934-07-04,Russian Empire (now Poland),PL,Warsaw,France,FR,Sallanches,female,
8,Lord,Rayleigh,1842-11-12,1919-06-30,United Kingdom,GB,"Langford Grove, Maldon, Essex",United Kingdom,GB,NA,male,
9,Philipp,Lenard,1862-06-07,1947-05-20,Hungary (now Slovakia),SK,Pressburg (now Bratislava),Germany,DE,Messelhausen,male,
10,J.J.,Thomson,1856-12-18,1940-08-30,United Kingdom,GB,Cheetham Hill,United Kingdom,GB,Cambridge,male,
11,Albert A.,Michelson,1852-12-19,1931-05-09,Prussia (now Poland),PL,Strelno (now Strzelno),USA,US,"Pasadena, CA",male,
12,Gabriel,Lippmann,1845-08-16,1921-07-13,Luxembourg,LU,Hollerich,NA,NA,NA,male,
13,Guglielmo,Marconi,1874-04-25,1937-07-20,Italy,IT,Bologna,Italy,IT,Rome,male,
14,Ferdinand,Braun,1850-06-06,1918-04-20,Hesse-Kassel (now Germany),DE,Fulda,USA,US,"Brooklyn, NY",male,
15,Johannes Diderik,van der Waals,1837-11-23,1923-03-08,the Netherlands,NL,Leiden,the Netherlands,NL,Amsterdam,male,
16,Wilhelm,Wien,1864-01-13,1928-08-30,Prussia (now Russia),RU,Gaffken (now Parusnoye),Germany,DE,Munich,male,
17,Gustaf,Dalén,1869-11-30,1937-12-09,Sweden,SE,Stenstorp,Sweden,SE,Stockholm,male,
18,Heike,Kamerlingh Onnes,1853-09-21,1926-02-21,the Netherlands,NL,Groningen,the Netherlands,NL,Leiden,male,
19,Max,von Laue,1879-10-09,1960-04-23,Germany,DE,Pfaffendorf,West Germany (now Germany),DE,Berlin,male,
20,William,Bragg,1862-07-02,1942-03-12,United Kingdom,GB,Wigton,United Kingdom,GB,London,male,
21,Lawrence,Bragg,1890-03-31,1971-07-01,Australia,AU,Adelaide,United Kingdom,GB,Ipswich,male,
22,Charles Glover,Barkla,1877-06-07,1944-10-23,United Kingdom,GB,Widnes,Scotland,GB,Edinburgh,male,
23,Max,Planck,1858-04-23,1947-10-04,Schleswig (now Germany),DE,Kiel,West Germany (now Germany),DE,Göttingen,male,
24,Johannes,Stark,1874-04-15,1957-06-21,Germany,DE,Schickenhof,West Germany (now Germany),DE,Traunstein,male,
25,Charles Edouard,Guillaume,1861-02-15,1938-06-13,Switzerland,CH,Fleurier,France,FR,Sèvres,male,
26,Albert,Einstein,1879-03-14,1955-04-18,Germany,DE,Ulm,USA,US,"Princeton, NJ",male,
27,Niels,Bohr,1885-10-07,1962-11-18,Denmark,DK,Copenhagen,Denmark,DK,Copenhagen,male,
28,Robert A.,Millikan,1868-03-22,1953-12-19,USA,US,"Morrison, IL",USA,US,"San Marino, CA",male,
29,Manne,Siegbahn,1886-12-03,1978-09-26,Sweden,SE,Örebro,Sweden,SE,Stockholm,male,
30,James,Franck,1882-08-26,1964-05-21,Germany,DE,Hamburg,West Germany (now Germany),DE,Göttingen,male,
31,Gustav,Hertz,1887-07-22,1975-10-30,Germany,DE,Hamburg,East Germany (now Germany),DE,Berlin,male,
32,Jean Baptiste,Perrin,1870-09-30,1942-04-17,France,FR,Lille,USA,US,"New York, NY",male,
33,Arthur H.,Compton,1892-09-10,1962-03-15,USA,US,"Wooster, OH",USA,US,"Berkeley, CA",male,
34,C.T.R.,Wilson,1869-02-14,1959-11-15,Scotland,GB,Glencorse,Scotland,GB,Carlops,male,
35,Owen Willans,Richardson,1879-04-26,1959-02-15,United Kingdom,GB,Dewsbury,United Kingdom,GB,Alton,male,
36,Louis,de Broglie,1892-08-15,1987-03-19,France,FR,Dieppe,France,FR,Paris,male,
37,Sir Chandrasekhara Venkata,Raman,1888-11-07,1970-11-21,India,IN,Tiruchirappalli,India,IN,Bangalore,male,
38,Werner,Heisenberg,1901-12-05,1976-02-01,Germany,DE,Würzburg,West Germany (now Germany),DE,Munich,male,
39,Erwin,Schrödinger,1887-08-12,1961-01-04,Austria,AT,Vienna,Austria,AT,Vienna,male,
40,Paul A.M.,Dirac,1902-08-08,1984-10-20,United Kingdom,GB,Bristol,USA,US,"Tallahassee, FL",male,
41,James,Chadwick,1891-10-20,1974-07-24,United Kingdom,GB,Manchester,United Kingdom,GB,Cambridge,male,
42,Victor F.,Hess,1883-06-24,1964-12-17,Austria,AT,Peggau,USA,US,"Mount Vernon, NY",male,
43,Carl D.,Anderson,1905-09-03,1991-01-11,USA,US,"New York, NY",USA,US,"San Marino, CA",male,
44,Clinton,Davisson,1881-10-22,1958-02-01,USA,US,"Bloomington, IL",USA,US,"Charlottesville, VA",male,
45,George Paget,Thomson,1892-05-03,1975-09-10,United Kingdom,GB,Cambridge,United Kingdom,GB,Cambridge,male,
46,Enrico,Fermi,1901-09-29,1954-11-28,Italy,IT,Rome,USA,US,"Chicago, IL",male,
47,Ernest,Lawrence,1901-08-08,1958-08-27,USA,US,"Canton, SD",USA,US,"Palo Alto, CA",male,
48,Otto,Stern,1888-02-17,1969-08-17,Germany (now Poland),PL,Sorau (now Zory),USA,US,"Berkeley, CA",male,
49,Isidor Isaac,Rabi,1898-07-29,1988-01-11,Austria-Hungary (now Poland),PL,Rymanow,USA,US,"New York, NY",male,
50,Wolfgang,Pauli,1900-04-25,1958-12-15,Austria,AT,Vienna,Switzerland,CH,Zurich,male,
51,Percy W.,Bridgman,1882-04-21,1961-08-20,USA,US,"Cambridge, MA",USA,US,"Randolph, NH",male,
52,Edward V.,Appleton,1892-09-06,1965-04-21,United Kingdom,GB,Bradford,Scotland,GB,Edinburgh,male,
53,Patrick M.S.,Blackett,1897-11-18,1974-07-13,United Kingdom,GB,London,United Kingdom,GB,London,male,
54,Hideki,Yukawa,1907-01-23,1981-09-08,Japan,JP,Tokyo,Japan,JP,Kyoto,male,
55,Cecil,Powell,1903-12-05,1969-08-09,United Kingdom,GB,Tonbridge,Italy,IT,NA,male,
56,John,Cockcroft,1897-05-27,1967-09-18,United Kingdom,GB,Todmorden,United Kingdom,GB,Cambridge,male,
57,Ernest T.S.,Walton,1903-10-06,1995-06-25,Ireland,IE,Dungarvan,Northern Ireland,GB,Belfast,male,
58,Felix,Bloch,1905-10-23,1983-09-10,Switzerland,CH,Zurich,Switzerland,CH,Zurich,male,
59,E. M.,Purcell,1912-08-30,1997-03-07,USA,US,"Taylorville, IL",USA,US,"Cambridge, MA",male,
60,Frits,Zernike,1888-07-16,1966-03-10,the Netherlands,NL,Amsterdam,the Netherlands,NL,Groningen,male,
61,Max,Born,1882-12-11,1970-01-05,Germany (now Poland),PL,Breslau (now Wroclaw),West Germany (now Germany),DE,Göttingen,male,
62,Walther,Bothe,1891-01-08,1957-02-08,Germany,DE,Oranienburg,West Germany (now Germany),DE,Heidelberg,male,
63,Willis E.,Lamb,1913-07-12,2008-05-15,USA,US,"Los Angeles, CA",USA,US,"Tucson, AZ",male,
64,Polykarp,Kusch,1911-01-26,1993-03-20,Germany,DE,Blankenburg,USA,US,"Dallas, TX",male,
65,William B.,Shockley,1910-02-13,1989-08-12,United Kingdom,GB,London,USA,US,"Palo Alto, CA",male,
66,John,Bardeen,1908-05-23,1991-01-30,USA,US,"Madison, WI",USA,US,"Boston, MA",male,
67,Walter H.,Brattain,1902-02-10,1987-10-13,China,CN,Amoy,USA,US,"Seattle, WA",male,
68,Chen Ning,Yang,1922-09-22,0000-00-00,China,CN,"Hofei, Anhwei",NA,NA,NA,male,
69,Tsung-Dao,Lee,1926-11-24,0000-00-00,China,CN,Shanghai,NA,NA,NA,male,
70,Pavel A.,Cherenkov,1904-07-28,1990-01-06,Russia,RU,Novaya Chigla,USSR (now Russia),RU,NA,male,
71,Igor Y.,Tamm,1895-07-08,1971-04-12,Russia,RU,Vladivostok,USSR (now Russia),RU,Moscow,male,
72,Emilio,Segrè,1905-02-01,1989-04-22,Italy,IT,Tivoli,USA,US,"Lafayette, CA",male,
73,Owen,Chamberlain,1920-07-10,2006-02-28,USA,US,"San Francisco, CA",USA,US,"Berkeley, CA",male,
74,Donald A.,Glaser,1926-09-21,2013-02-28,USA,US,"Cleveland, OH",USA,US,"Berkeley, CA",male,
75,Robert,Hofstadter,1915-02-05,1990-11-17,USA,US,"New York, NY",USA,US,"Stanford, CA",male,
76,Rudolf,Mössbauer,1929-01-31,2011-09-14,Germany,DE,Munich,NA,NA,NA,male,
77,Lev,Landau,1908-01-22,1968-04-01,Russian Empire (now Azerbaijan),AZ,Baku,USSR (now Russia),RU,Moscow,male,
78,Eugene,Wigner,1902-11-17,1995-01-01,Austria-Hungary (now Hungary),HU,Budapest,USA,US,"Princeton, NJ",male,
79,Maria,Goeppert Mayer,1906-06-28,1972-02-20,Germany (now Poland),PL,Kattowitz (now Katowice),USA,US,"San Diego, CA",female,
80,J. Hans D.,Jensen,1907-06-25,1973-02-11,Germany,DE,Hamburg,West Germany (now Germany),DE,Heidelberg,male,
81,Charles H.,Townes,1915-07-28,2015-01-27,USA,US,"Greenville, SC",USA,US,"Berkeley, CA",male,
82,Nicolay G.,Basov,1922-12-14,2001-07-01,USSR (now Russia),RU,Usman,Russia,RU,Moscow,male,
83,Aleksandr M.,Prokhorov,1916-07-11,2002-01-08,Australia,AU,Atherton,Russia,RU,Moscow,male,
84,Sin-Itiro,Tomonaga,1906-03-31,1979-07-08,Japan,JP,Kyoto,Japan,JP,Tokyo,male,
85,Julian,Schwinger,1918-02-12,1994-07-16,USA,US,"New York, NY",USA,US,"Los Angeles, CA",male,
86,Richard P.,Feynman,1918-05-11,1988-02-15,USA,US,"New York, NY",USA,US,"Los Angeles, CA",male,
87,Alfred,Kastler,1902-05-03,1984-01-07,Germany (now France),FR,Guebwiller,France,FR,Bandol,male,
88,Hans,Bethe,1906-07-02,2005-03-06,Germany (now France),FR,Strasbourg,USA,US,"Ithaca, NY",male,
89,Luis,Alvarez,1911-06-13,1988-09-01,USA,US,"San Francisco, CA",USA,US,"Berkeley, CA",male,
90,Murray,Gell-Mann,1929-09-15,2019-05-24,USA,US,"New York, NY",USA,US,"Santa Fe, NM",male,
91,Hannes,Alfvén,1908-05-30,1995-04-02,Sweden,SE,Norrköping,Sweden,SE,Djursholm,male,
92,Louis,Néel,1904-11-22,2000-11-17,France,FR,Lyon,France,FR,Brive-Corrèze,male,
93,Dennis,Gabor,1900-06-05,1979-02-08,Hungary,HU,Budapest,United Kingdom,GB,London,male,
95,Leon N.,Cooper,1930-02-28,0000-00-00,USA,US,"New York, NY",NA,NA,NA,male,
96,Robert,Schrieffer,1931-05-31,2019-07-27,USA,US,"Oak Park, IL",USA,US,"Tallahassee, FL",male,
97,Leo,Esaki,1925-03-12,0000-00-00,Japan,JP,Osaka,NA,NA,NA,male,
98,Ivar,Giaever,1929-04-05,0000-00-00,Norway,NO,Bergen,NA,NA,NA,male,
99,Brian D.,Josephson,1940-01-04,0000-00-00,United Kingdom,GB,Cardiff,NA,NA,NA,male,
100,Martin,Ryle,1918-09-27,1984-10-14,United Kingdom,GB,Brighton,United Kingdom,GB,Cambridge,male,
101,Antony,Hewish,1924-05-11,2021-09-13,United Kingdom,GB,Fowey,NA,NA,NA,male,
102,Aage N.,Bohr,1922-06-19,2009-09-08,Denmark,DK,Copenhagen,Denmark,DK,Copenhagen,male,
103,Ben R.,Mottelson,1926-07-09,0000-00-00,USA,US,"Chicago, IL",NA,NA,NA,male,
104,James,Rainwater,1917-12-09,1986-03-31,USA,US,"Council, ID",USA,US,"Yonkers, NY",male,
105,Burton,Richter,1931-03-22,2018-07-18,USA,US,"Brooklyn, NY",USA,US,"Stanford, CA",male,
106,Samuel C.C.,Ting,1936-01-27,0000-00-00,USA,US,"Ann Arbor, MI",NA,NA,NA,male,
107,Philip W.,Anderson,1923-12-13,2020-03-29,USA,US,"Indianapolis, IN",USA,US,"Princeton, NJ",male,
108,Sir Nevill F.,Mott,1905-09-30,1996-08-08,United Kingdom,GB,Leeds,United Kingdom,GB,Milton Keynes,male,
109,John H.,Van Vleck,1899-03-13,1980-10-27,USA,US,"Middletown, CT",USA,US,"Cambridge, MA",male,
110,Pyotr,Kapitsa,1894-07-09,1984-04-08,Russian Empire (now Russia),RU,Kronshtadt,USSR (now Russia),RU,Moscow,male,
111,Arno,Penzias,1933-04-26,0000-00-00,Germany,DE,Munich,NA,NA,NA,male,
112,Robert Woodrow,Wilson,1936-01-10,0000-00-00,USA,US,"Houston, TX",NA,NA,NA,male,
113,Sheldon,Glashow,1932-12-05,0000-00-00,USA,US,"New York, NY",NA,NA,NA,male,
114,Abdus,Salam,1926-01-29,1996-11-21,India (now Pakistan),PK,Jhang Maghiāna,United Kingdom,GB,Oxford,male,
115,Steven,Weinberg,1933-05-03,2021-07-23,USA,US,"New York, NY",USA,US,"Austin, TX",male,
116,James,Cronin,1931-09-29,2016-08-25,USA,US,"Chicago, IL",USA,US,"St. Paul, MN",male,
117,Val,Fitch,1923-03-10,2015-02-05,USA,US,"Merriman, NE",USA,US,"Princeton, NJ",male,
118,Nicolaas,Bloembergen,1920-03-11,2017-09-05,the Netherlands,NL,Dordrecht,USA,US,"Tucson, AZ",male,
119,Arthur L.,Schawlow,1921-05-05,1999-04-28,USA,US,"Mount Vernon, NY",USA,US,"Palo Alto, CA",male,
120,Kai M.,Siegbahn,1918-04-20,2007-07-20,Sweden,SE,Lund,Sweden,SE,Ängelholm,male,
121,Kenneth G.,Wilson,1936-06-08,2013-06-15,USA,US,"Waltham, MA",USA,US,"Saco, ME",male,
122,Subramanyan,Chandrasekhar,1910-10-19,1995-08-21,India (now Pakistan),PK,Lahore,USA,US,"Chicago, IL",male,
123,William A.,Fowler,1911-08-09,1995-03-14,USA,US,"Pittsburgh, PA",USA,US,"Pasadena, CA",male,
124,Carlo,Rubbia,1934-03-31,0000-00-00,Italy,IT,Gorizia,NA,NA,NA,male,
125,Simon,van der Meer,1925-11-24,2011-03-04,the Netherlands,NL,the Hague,Switzerland,CH,Geneva,male,
126,Klaus,von Klitzing,1943-06-28,0000-00-00,German-occupied Poland (now Poland),PL,Schroda,NA,NA,NA,male,
127,Ernst,Ruska,1906-12-25,1988-05-27,Germany,DE,Heidelberg,Germany,DE,West Berlin,male,
128,Gerd,Binnig,1947-07-20,0000-00-00,West Germany (now Germany),DE,Frankfurt-on-the-Main,NA,NA,NA,male,
129,Heinrich,Rohrer,1933-06-06,2013-05-16,Switzerland,CH,Buchs,Switzerland,CH,Wollerau,male,
130,J. Georg,Bednorz,1950-05-16,0000-00-00,West Germany (now Germany),DE,Neuenkirchen,NA,NA,NA,male,
131,K. Alex,Müller,1927-04-20,0000-00-00,Switzerland,CH,Basel,NA,NA,NA,male,
132,Leon M.,Lederman,1922-07-15,2018-10-03,USA,US,"New York, NY",USA,US,"Rexburg, ID",male,
133,Melvin,Schwartz,1932-11-02,2006-08-28,USA,US,"New York, NY",USA,US,"Twin Falls, ID",male,
134,Jack,Steinberger,1921-05-25,2020-12-12,Germany,DE,Bad Kissingen,Switzerland,CH,Geneva,male,
135,Norman F.,Ramsey,1915-08-27,2011-11-04,USA,US,"Washington, DC",USA,US,"Wayland, MA",male,
136,Hans G.,Dehmelt,1922-09-09,2017-03-07,Prussia (now Germany),DE,Görlitz,USA,US,"Seattle, WA",male,
137,Wolfgang,Paul,1913-08-10,1993-12-07,Germany,DE,Lorenzkirch,Germany,DE,Bonn,male,
138,Jerome I.,Friedman,1930-03-28,0000-00-00,USA,US,"Chicago, IL",NA,NA,NA,male,
139,Henry W.,Kendall,1926-12-09,1999-02-15,USA,US,"Boston, MA",USA,US,"Wakulla Springs State Park, FL",male,
140,Richard E.,Taylor,1929-11-02,2018-02-22,Canada,CA,"Medicine Hat, Alberta",USA,US,"Stanford, CA",male,
141,Pierre-Gilles,de Gennes,1932-10-24,2007-05-18,France,FR,Paris,France,FR,Orsay,male,
142,Georges,Charpak,1924-08-01,2010-09-29,Poland,PL,Dabrovica,France,FR,Paris,male,
143,Russell A.,Hulse,1950-11-28,0000-00-00,USA,US,"New York, NY",NA,NA,NA,male,
144,Joseph H.,Taylor Jr.,1941-03-29,0000-00-00,USA,US,"Philadelphia, PA",NA,NA,NA,male,
145,Bertram N.,Brockhouse,1918-07-15,2003-10-13,Canada,CA,"Lethbridge, Alberta",Canada,CA,"Hamilton, Ontario",male,
146,Clifford G.,Shull,1915-09-23,2001-03-31,USA,US,"Pittsburgh, PA",USA,US,"Medford, MA",male,
147,Martin L.,Perl,1927-06-24,2014-09-30,USA,US,"New York, NY",USA,US,"Palo Alto, CA",male,
148,Frederick,Reines,1918-03-16,1998-08-26,USA,US,"Paterson, NJ",USA,US,"Orange, CA",male,
149,David M.,Lee,1931-01-20,0000-00-00,USA,US,"Rye, NY",NA,NA,NA,male,
150,Douglas D.,Osheroff,1945-08-01,0000-00-00,USA,US,"Aberdeen, WA",NA,NA,NA,male,
151,Robert C.,Richardson,1937-06-26,2013-02-19,USA,US,"Washington, DC",USA,US,"Ithaca, NY",male,
152,Steven,Chu,1948-02-28,0000-00-00,USA,US,"St. Louis, MO",NA,NA,NA,male,
153,Claude,Cohen-Tannoudji,1933-04-01,0000-00-00,French Algeria (now Algeria),DZ,Constantine,NA,NA,NA,male,
154,William D.,Phillips,1948-11-05,0000-00-00,USA,US,"Wilkes-Barre, PA",NA,NA,NA,male,
155,Robert B.,Laughlin,1950-11-01,0000-00-00,USA,US,"Visalia, CA",NA,NA,NA,male,
156,Horst L.,Störmer,1949-04-06,0000-00-00,West Germany (now Germany),DE,Frankfurt-on-the-Main,NA,NA,NA,male,
157,Daniel C.,Tsui,1939-02-28,0000-00-00,China,CN,Henan,NA,NA,NA,male,
158,Gerardus,'t Hooft,1946-07-05,0000-00-00,the Netherlands,NL,Den Helder,NA,NA,NA,male,
159,Martinus J.G.,Veltman,1931-06-27,2021-01-04,the Netherlands,NL,Waalwijk,the Netherlands,NL,Bilthoven,male,
160,Jacobus H.,van 't Hoff,1852-08-30,1911-03-01,the Netherlands,NL,Rotterdam,Germany,DE,Berlin,male,
161,Emil,Fischer,1852-10-09,1919-07-15,Prussia (now Germany),DE,Euskirchen,Germany,DE,Berlin,male,
162,Svante,Arrhenius,1859-02-19,1927-10-02,Sweden,SE,Vik,Sweden,SE,Stockholm,male,
163,Sir William,Ramsay,1852-10-02,1916-07-23,Scotland,GB,Glasgow,United Kingdom,GB,High Wycombe,male,
164,Adolf,von Baeyer,1835-10-31,1917-08-20,Prussia (now Germany),DE,Berlin,Germany,DE,Starnberg,male,
165,Henri,Moissan,1852-09-28,1907-02-20,France,FR,Paris,France,FR,Paris,male,
166,Eduard,Buchner,1860-05-20,1917-08-13,Bavaria (now Germany),DE,Munich,Romania,RO,Focsani,male,
167,Ernest,Rutherford,1871-08-30,1937-10-19,New Zealand,NZ,Nelson,United Kingdom,GB,Cambridge,male,
168,Wilhelm,Ostwald,1853-09-02,1932-04-04,Russian Empire (now Latvia),LV,Riga,Germany,DE,Leipzig,male,
169,Otto,Wallach,1847-03-27,1931-02-26,Germany (now Russia),RU,Koenigsberg (now Kaliningrad),Germany,DE,Göttingen,male,
172,Victor,Grignard,1871-05-06,1935-12-13,France,FR,Cherbourg,France,FR,Lyon,male,
173,Paul,Sabatier,1854-11-05,1941-08-14,France,FR,Carcassonne,France,FR,Toulouse,male,
174,Alfred,Werner,1866-12-12,1919-11-15,France,FR,Mulhouse,Switzerland,CH,Zurich,male,
175,Theodore W.,Richards,1868-01-31,1928-04-02,USA,US,"Germantown, PA",USA,US,"Cambridge, MA",male,
176,Richard,Willstätter,1872-08-13,1942-08-03,Germany,DE,Karlsruhe,Switzerland,CH,Locarno,male,
177,Fritz,Haber,1868-12-09,1934-01-29,Prussia (now Poland),PL,Breslau (now Wroclaw),Switzerland,CH,Basel,male,
178,Walther,Nernst,1864-06-25,1941-11-18,Prussia (now Poland),PL,Briesen (now Wąbrzeźno),Germany,DE,Muskau,male,
179,Frederick,Soddy,1877-09-02,1956-09-22,United Kingdom,GB,Eastbourne,United Kingdom,GB,Brighton,male,
180,Francis W.,Aston,1877-09-01,1945-11-20,United Kingdom,GB,Harborne,United Kingdom,GB,Cambridge,male,
181,Fritz,Pregl,1869-09-03,1930-12-13,Austria-Hungary (now Slovenia),SI,Laibach (now Ljubljana),Austria,AT,Graz,male,
182,Richard,Zsigmondy,1865-04-01,1929-09-24,Austrian Empire (now Austria),AT,Vienna,Germany,DE,Göttingen,male,
183,The,Svedberg,1884-08-30,1971-02-25,Sweden,SE,Fleräng,Sweden,SE,Örebro,male,
184,Heinrich,Wieland,1877-06-04,1957-08-05,Germany,DE,Pforzheim,West Germany (now Germany),DE,Munich,male,
185,Adolf,Windaus,1876-12-25,1959-06-09,Germany,DE,Berlin,West Germany (now Germany),DE,Göttingen,male,
186,Arthur,Harden,1865-10-12,1940-06-17,United Kingdom,GB,Manchester,United Kingdom,GB,Bourne,male,
187,Hans,von Euler-Chelpin,1873-02-15,1964-11-06,Germany,DE,Augsburg,Sweden,SE,Stockholm,male,
188,Hans,Fischer,1881-07-27,1945-03-31,Germany,DE,Hoechst,Germany,DE,Munich,male,
189,Carl,Bosch,1874-08-27,1940-04-26,Germany,DE,Cologne,Germany,DE,Heidelberg,male,
190,Friedrich,Bergius,1884-10-11,1949-03-30,Germany (now Poland),PL,"Goldschmieden, near Breslau",Argentina,AR,Buenos Aires,male,
191,Irving,Langmuir,1881-01-31,1957-08-16,USA,US,"Brooklyn, NY",USA,US,"Falmouth, MA",male,
192,Harold C.,Urey,1893-04-29,1981-01-05,USA,US,"Walkerton, IN",USA,US,"La Jolla, CA",male,
193,Frédéric,Joliot,1900-03-19,1958-08-14,France,FR,Paris,France,FR,Paris,male,
194,Irène,Joliot-Curie,1897-09-12,1956-03-17,France,FR,Paris,France,FR,Paris,female,
195,Peter,Debye,1884-03-24,1966-11-02,the Netherlands,NL,Maastricht,USA,US,"Ithaca, NY",male,
196,Norman,Haworth,1883-03-19,1950-03-19,United Kingdom,GB,Chorley,United Kingdom,GB,Birmingham,male,
197,Paul,Karrer,1889-04-21,1971-06-18,Russia,RU,Moscow,Switzerland,CH,Zurich,male,
198,Richard,Kuhn,1900-12-03,1967-07-31,Austria-Hungary (now Austria),AT,Vienna,West Germany (now Germany),DE,Heidelberg,male,
199,Adolf,Butenandt,1903-03-24,1995-01-18,Germany,DE,Bremerhaven-Lehe,Germany,DE,Munich,male,
200,Leopold,Ruzicka,1887-09-13,1976-09-26,Austria-Hungary (now Croatia),HR,Vukovar,Switzerland,CH,Zurich,male,
201,George,de Hevesy,1885-08-01,1966-07-05,Austria-Hungary (now Hungary),HU,Budapest,West Germany (now Germany),DE,Freiburg im Breisgau,male,
202,Otto,Hahn,1879-03-08,1968-07-28,Germany,DE,Frankfurt-on-the-Main,West Germany (now Germany),DE,Göttingen,male,
203,Artturi,Virtanen,1895-01-15,1973-11-11,Russian Empire (now Finland),FI,Helsinki,Finland,FI,Helsinki,male,
204,James B.,Sumner,1887-11-19,1955-08-12,USA,US,"Canton, MA",USA,US,"Buffalo, NY",male,
205,John H.,Northrop,1891-07-05,1987-05-27,USA,US,"Yonkers, NY",USA,US,"Wickenberg, AZ",male,
206,Wendell M.,Stanley,1904-08-16,1971-06-15,USA,US,"Ridgeville, IN",Spain,ES,Salamanca,male,
207,Sir Robert,Robinson,1886-09-13,1975-02-08,United Kingdom,GB,"Rufford, near Chesterfield",United Kingdom,GB,Great Missenden,male,
208,Arne,Tiselius,1902-08-10,1971-10-29,Sweden,SE,Stockholm,Sweden,SE,Uppsala,male,
209,William F.,Giauque,1895-05-12,1982-03-28,Canada,CA,Niagara Falls,USA,US,"Berkeley, CA",male,
210,Otto,Diels,1876-01-23,1954-03-07,Germany,DE,Hamburg,West Germany (now Germany),DE,Kiel,male,
211,Kurt,Alder,1902-07-10,1958-06-20,Prussia (now Poland),PL,Königshütte (now Chorzów),West Germany (now Germany),DE,Cologne,male,
212,Edwin M.,McMillan,1907-09-18,1991-09-07,USA,US,"Redondo Beach, CA",USA,US,"El Cerrito, CA",male,
213,Glenn T.,Seaborg,1912-04-19,1999-02-25,USA,US,"Ishpeming, MI",USA,US,"Lafayette, CA",male,
214,Archer J.P.,Martin,1910-03-01,2002-07-28,United Kingdom,GB,London,United Kingdom,GB,Llangarron,male,
215,Richard L.M.,Synge,1914-10-28,1994-08-18,United Kingdom,GB,Liverpool,United Kingdom,GB,Norwich,male,
216,Hermann,Staudinger,1881-03-23,1965-09-08,Germany,DE,Worms,West Germany (now Germany),DE,Freiburg im Breisgau,male,
217,Linus,Pauling,1901-02-28,1994-08-19,USA,US,"Portland, OR",USA,US,"Big Sur, CA",male,
218,Vincent,du Vigneaud,1901-05-18,1978-12-11,USA,US,"Chicago, IL",USA,US,"White Plains, NY",male,
219,Sir Cyril,Hinshelwood,1897-05-19,1967-10-09,United Kingdom,GB,London,United Kingdom,GB,London,male,
220,Nikolay,Semenov,1896-04-03,1986-09-25,Russia,RU,Saratov,USSR (now Russia),RU,Moscow,male,
221,Lord,Todd,1907-10-02,1997-01-10,Scotland,GB,Glasgow,United Kingdom,GB,Cambridge,male,
222,Frederick,Sanger,1918-08-13,2013-11-19,United Kingdom,GB,Rendcombe,United Kingdom,GB,Cambridge,male,
223,Jaroslav,Heyrovsky,1890-12-20,1967-03-27,Austria-Hungary (now Czech Republic),CZ,Prague,Czechoslovakia (now Czech Republic),CZ,Prague,male,
224,Willard F.,Libby,1908-12-17,1980-09-08,USA,US,"Grand Valley, CO",USA,US,"Los Angeles, CA",male,
225,Melvin,Calvin,1911-04-08,1997-01-08,USA,US,"St. Paul, MN",USA,US,"Berkeley, CA",male,
226,Max F.,Perutz,1914-05-19,2002-02-06,Austria,AT,Vienna,United Kingdom,GB,Cambridge,male,
227,John C.,Kendrew,1917-03-24,1997-08-23,United Kingdom,GB,Oxford,United Kingdom,GB,Cambridge,male,
228,Karl,Ziegler,1898-11-26,1973-08-12,Germany,DE,Helsa,West Germany (now Germany),DE,Mülheim,male,
229,Giulio,Natta,1903-02-26,1979-05-02,Italy,IT,Imperia,Italy,IT,Bergamo,male,
230,Dorothy Crowfoot,Hodgkin,1910-05-12,1994-07-29,Egypt,EG,Cairo,United Kingdom,GB,Shipston-on-Stour,female,
231,Robert B.,Woodward,1917-04-10,1979-07-08,USA,US,"Boston, MA",USA,US,"Cambridge, MA",male,
232,Robert S.,Mulliken,1896-06-07,1986-10-31,USA,US,"Newburyport, MA",USA,US,"Arlington, VA",male,
233,Manfred,Eigen,1927-05-09,2019-02-06,Germany,DE,Bochum,Germany,DE,Göttingen,male,
234,Ronald G.W.,Norrish,1897-11-09,1978-06-07,United Kingdom,GB,Cambridge,United Kingdom,GB,Cambridge,male,
235,George,Porter,1920-12-06,2002-08-31,United Kingdom,GB,Stainforth,United Kingdom,GB,Canterbury,male,
236,Lars,Onsager,1903-11-27,1976-10-05,Norway,NO,Kristiania (now Oslo),USA,US,"Coral Gables, FL",male,
237,Derek,Barton,1918-09-08,1998-03-16,United Kingdom,GB,Gravesend,USA,US,"College Station, TX",male,
238,Odd,Hassel,1897-05-17,1981-05-11,Norway,NO,Kristiania (now Oslo),Norway,NO,Oslo,male,
239,Luis,Leloir,1906-09-06,1987-12-02,France,FR,Paris,Argentina,AR,Buenos Aires,male,
240,Gerhard,Herzberg,1904-12-25,1999-03-03,Germany,DE,Hamburg,Canada,CA,Ottawa,male,
241,Christian,Anfinsen,1916-03-26,1995-05-14,USA,US,"Monessen, PA",USA,US,"Randallstown, MD",male,
242,Stanford,Moore,1913-09-04,1982-08-23,USA,US,"Chicago, IL",USA,US,"New York, NY",male,
243,William H.,Stein,1911-06-25,1980-02-02,USA,US,"New York, NY",USA,US,"New York, NY",male,
244,Ernst Otto,Fischer,1918-11-10,2007-07-23,Germany,DE,Munich,Germany,DE,Munich,male,
245,Geoffrey,Wilkinson,1921-07-14,1996-09-26,United Kingdom,GB,Todmorden,United Kingdom,GB,London,male,
246,Paul J.,Flory,1910-06-19,1985-09-08,USA,US,"Sterling, IL",USA,US,"Big Sur, CA",male,
247,John,Cornforth,1917-09-07,2013-12-08,Australia,AU,Sydney,NA,NA,NA,male,
248,Vladimir,Prelog,1906-07-23,1998-01-07,Austria-Hungary (now Bosnia and Herzegovina),BA,Sarajevo,Switzerland,CH,Zurich,male,
249,William,Lipscomb,1919-12-09,2011-04-14,USA,US,"Cleveland, OH",USA,US,"Cambridge, MA",male,
250,Ilya,Prigogine,1917-01-25,2003-05-28,Russia,RU,Moscow,Belgium,BE,Brussels,male,
251,Peter,Mitchell,1920-09-29,1992-04-10,United Kingdom,GB,Mitcham,United Kingdom,GB,Bodmin,male,
252,Herbert C.,Brown,1912-05-22,2004-12-19,United Kingdom,GB,London,USA,US,"Lafayette, IN",male,
253,Georg,Wittig,1897-06-16,1987-08-26,Germany,DE,Berlin,West Germany (now Germany),DE,Heidelberg,male,
254,Paul,Berg,1926-06-30,0000-00-00,USA,US,"New York, NY",NA,NA,NA,male,
255,Walter,Gilbert,1932-03-21,0000-00-00,USA,US,"Boston, MA",NA,NA,NA,male,
257,Kenichi,Fukui,1918-10-04,1998-01-09,Japan,JP,Nara,Japan,JP,Kyoto,male,
258,Roald,Hoffmann,1937-07-18,0000-00-00,Poland (now Ukraine),UA,Zloczov,NA,NA,NA,male,
259,Aaron,Klug,1926-08-11,2018-11-20,Lithuania,LT,Zelvas,NA,NA,NA,male,
260,Henry,Taube,1915-11-30,2005-11-16,Canada,CA,Neudorf,USA,US,"Stanford, CA",male,
261,Bruce,Merrifield,1921-07-15,2006-05-14,USA,US,"Fort Worth, TX",USA,US,"Cresskill, NJ",male,
262,Herbert A.,Hauptman,1917-02-14,2011-10-23,USA,US,"New York, NY",USA,US,"Buffalo, NY",male,
263,Jerome,Karle,1918-06-18,2013-06-06,USA,US,"New York, NY",USA,US,"Annandale, VA",male,
264,Dudley R.,Herschbach,1932-06-18,0000-00-00,USA,US,"San José, CA",NA,NA,NA,male,
265,Yuan T.,Lee,1936-11-19,0000-00-00,Taiwan,TW,Hsinchu,NA,NA,NA,male,
266,John C.,Polanyi,1929-01-23,0000-00-00,Germany,DE,Berlin,NA,NA,NA,male,
267,Donald J.,Cram,1919-04-22,2001-06-17,USA,US,"Chester, VT",USA,US,"Palm Desert, CA",male,
268,Jean-Marie,Lehn,1939-09-30,0000-00-00,France,FR,Rosheim,NA,NA,NA,male,
269,Charles J.,Pedersen,1904-10-03,1989-10-26,Korea (now South Korea),KR,Pusan,USA,US,"Salem, NJ",male,
270,Johann,Deisenhofer,1943-09-30,0000-00-00,Germany,DE,Zusamaltheim,NA,NA,NA,male,
271,Robert,Huber,1937-02-20,0000-00-00,Germany,DE,Munich,NA,NA,NA,male,
272,Hartmut,Michel,1948-07-18,0000-00-00,West Germany (now Germany),DE,Ludwigsburg,NA,NA,NA,male,
273,Sidney,Altman,1939-05-07,0000-00-00,Canada,CA,Montreal,NA,NA,NA,male,
274,Thomas R.,Cech,1947-12-08,0000-00-00,USA,US,"Chicago, IL",NA,NA,NA,male,
275,Elias James,Corey,1928-07-12,0000-00-00,USA,US,"Methuen, MA",NA,NA,NA,male,
276,Richard R.,Ernst,1933-08-14,2021-06-04,Switzerland,CH,Winterthur,Switzerland,CH,Winterthur,male,
277,Rudolph A.,Marcus,1923-07-21,0000-00-00,Canada,CA,Montreal,NA,NA,NA,male,
278,Kary B.,Mullis,1944-12-28,2019-08-07,USA,US,"Lenoir, NC",USA,US,"Newport Beach, CA",male,
279,Michael,Smith,1932-04-26,2000-10-04,United Kingdom,GB,Blackpool,Canada,CA,Vancouver,male,
280,George A.,Olah,1927-05-22,2017-03-08,Hungary,HU,Budapest,USA,US,"Los Angeles, CA",male,
281,Paul J.,Crutzen,1933-12-03,2021-01-28,the Netherlands,NL,Amsterdam,Germany,DE,Mainz,male,
282,Mario J.,Molina,1943-03-19,2020-10-07,Mexico,MX,Mexico City,Mexico,MX,Mexico City,male,
283,F. Sherwood,Rowland,1927-06-28,2012-03-10,USA,US,"Delaware, OH",USA,US,"Corona del Mar, CA",male,
284,Robert F.,Curl Jr.,1933-08-23,0000-00-00,USA,US,"Alice, TX",NA,NA,NA,male,
285,Sir Harold,Kroto,1939-10-07,2016-04-30,United Kingdom,GB,Wisbech,United Kingdom,GB,"Lewes, East Sussex",male,
286,Richard E.,Smalley,1943-06-06,2005-10-28,USA,US,"Akron, OH",USA,US,"Houston, TX",male,
287,Paul D.,Boyer,1918-07-31,2018-06-02,USA,US,"Provo, UT",USA,US,"Los Angeles, CA",male,
288,John E.,Walker,1941-01-07,0000-00-00,United Kingdom,GB,Halifax,NA,NA,NA,male,
289,Jens C.,Skou,1918-10-08,2018-05-28,Denmark,DK,Lemvig,Denmark,DK,Aarhus,male,
290,Walter,Kohn,1923-03-09,2016-04-19,Austria,AT,Vienna,USA,US,"Santa Barbara, CA",male,
291,John,Pople,1925-10-31,2004-03-15,United Kingdom,GB,Burnham-on-Sea,USA,US,"Chicago, IL",male,
292,Ahmed,Zewail,1946-02-26,2016-08-02,Egypt,EG,Damanhur,USA,US,"Pasadena, CA",male,
293,Emil,von Behring,1854-03-15,1917-03-31,Prussia (now Poland),PL,Hansdorf (now Lawice),Germany,DE,Marburg,male,
294,Ronald,Ross,1857-05-13,1932-09-16,India,IN,Almora,United Kingdom,GB,Putney Heath,male,
295,Niels Ryberg,Finsen,1860-12-15,1904-09-24,Faroe Islands (Denmark),DK,Thorshavn,Denmark,DK,Copenhagen,male,
296,Ivan,Pavlov,1849-09-14,1936-02-27,Russia,RU,Ryazan,Russia,RU,Leningrad,male,
297,Robert,Koch,1843-12-11,1910-05-27,Germany,DE,Clausthal (now Clausthal-Zellerfeld),Germany,DE,Baden-Baden,male,
298,Camillo,Golgi,1843-07-07,1926-01-21,Italy,IT,Corteno,Italy,IT,Pavia,male,
299,Santiago,Ramón y Cajal,1852-05-01,1934-10-17,Spain,ES,Petilla de Aragón,Spain,ES,Madrid,male,
300,Alphonse,Laveran,1845-06-18,1922-05-18,France,FR,Paris,France,FR,Paris,male,
301,Ilya,Mechnikov,1845-05-15,1916-07-15,Russian Empire (now Ukraine),UA,Kharkov (now Kharkiv),France,FR,Paris,male,
302,Paul,Ehrlich,1854-03-14,1915-08-20,Prussia (now Poland),PL,Strehlen (now Strzelin),Germany,DE,Bad Homburg vor der Höhe,male,
303,Theodor,Kocher,1841-08-25,1917-07-27,Switzerland,CH,Bern,Switzerland,CH,Bern,male,
304,Albrecht,Kossel,1853-09-16,1927-07-05,Mecklenburg (now Germany),DE,Rostock,Germany,DE,Heidelberg,male,
305,Allvar,Gullstrand,1862-06-05,1930-07-28,Sweden,SE,Landskrona,Sweden,SE,Stockholm,male,
306,Alexis,Carrel,1873-06-28,1944-11-05,France,FR,Sainte-Foy-lès-Lyon,France,FR,Paris,male,
307,Charles,Richet,1850-08-26,1935-12-04,France,FR,Paris,France,FR,Paris,male,
308,Robert,Bárány,1876-04-22,1936-04-08,Austria,AT,Vienna,Sweden,SE,Uppsala,male,
309,Jules,Bordet,1870-06-13,1961-04-06,Belgium,BE,Soignies,Belgium,BE,Brussels,male,
310,August,Krogh,1874-11-15,1949-09-13,Denmark,DK,Grenå,Denmark,DK,Copenhagen,male,
311,Archibald V.,Hill,1886-09-26,1977-06-03,United Kingdom,GB,Bristol,United Kingdom,GB,Cambridge,male,
312,Otto,Meyerhof,1884-04-12,1951-10-06,Germany,DE,Hanover,USA,US,"Philadelphia, PA",male,
313,Frederick G.,Banting,1891-11-14,1941-02-21,Canada,CA,Alliston,Canada,CA,Newfoundland,male,
314,John,Macleod,1876-09-06,1935-03-16,Scotland,GB,Cluny,Scotland,GB,Aberdeen,male,
315,Willem,Einthoven,1860-05-21,1927-09-29,"Java, Dutch East Indies (now Indonesia)",ID,Semarang,the Netherlands,NL,Leiden,male,
316,Johannes,Fibiger,1867-04-23,1928-01-30,Denmark,DK,Silkeborg,Denmark,DK,Copenhagen,male,
317,Julius,Wagner-Jauregg,1857-03-07,1940-09-27,Austria,AT,Wels,Austria,AT,Vienna,male,
318,Charles,Nicolle,1866-09-21,1936-02-28,France,FR,Rouen,Tunisia,TN,Tunis,male,
319,Christiaan,Eijkman,1858-08-11,1930-11-05,the Netherlands,NL,Nijkerk,the Netherlands,NL,Utrecht,male,
320,Sir Frederick,Hopkins,1861-06-20,1947-05-16,United Kingdom,GB,Eastbourne,United Kingdom,GB,Cambridge,male,
321,Karl,Landsteiner,1868-06-14,1943-06-26,Austrian Empire (now Austria),AT,Vienna,USA,US,"New York, NY",male,
322,Otto,Warburg,1883-10-08,1970-08-01,Germany,DE,Freiburg im Breisgau,West Germany (now Germany),DE,West Berlin,male,
323,Sir Charles,Sherrington,1857-11-27,1952-03-04,United Kingdom,GB,London,United Kingdom,GB,Eastbourne,male,
324,Edgar,Adrian,1889-11-30,1977-08-08,United Kingdom,GB,London,United Kingdom,GB,Cambridge,male,
325,Thomas H.,Morgan,1866-09-25,1945-12-04,USA,US,"Lexington, KY",USA,US,"Pasadena, CA",male,
326,George H.,Whipple,1878-08-28,1976-02-01,USA,US,"Ashland, NH",USA,US,"Rochester, NY",male,
327,George R.,Minot,1885-12-02,1950-02-25,USA,US,"Boston, MA",USA,US,"Brookline, MA",male,
328,William P.,Murphy,1892-02-06,1987-10-09,USA,US,"Stoughton, WI",USA,US,"Brookline, MA",male,
329,Hans,Spemann,1869-06-27,1941-09-12,Württemberg (now Germany),DE,Stuttgart,Germany,DE,Freiburg im Breisgau,male,
330,Sir Henry,Dale,1875-06-09,1968-07-23,United Kingdom,GB,London,United Kingdom,GB,Cambridge,male,
331,Otto,Loewi,1873-06-03,1961-12-25,Germany,DE,Frankfurt-on-the-Main,USA,US,"New York, NY",male,
332,Albert,Szent-Györgyi,1893-09-16,1986-10-22,Austria-Hungary (now Hungary),HU,Budapest,USA,US,"Woods Hole, MA",male,
333,Corneille,Heymans,1892-03-28,1968-07-18,Belgium,BE,Ghent,Belgium,BE,Knokke,male,
334,Gerhard,Domagk,1895-10-30,1964-04-24,Germany (now Poland),PL,Lagow,West Germany (now Germany),DE,Burgberg,male,
335,Henrik,Dam,1895-02-21,1976-04-17,Denmark,DK,Copenhagen,Denmark,DK,Copenhagen,male,
336,Edward A.,Doisy,1893-11-13,1986-10-23,USA,US,"Hume, IL",USA,US,"St. Louis, MO",male,
337,Joseph,Erlanger,1874-01-05,1965-12-05,USA,US,"San Francisco, CA",USA,US,"St. Louis, MO",male,
338,Herbert S.,Gasser,1888-07-05,1963-05-11,USA,US,"Platteville, WI",USA,US,"New York, NY",male,
339,Sir Alexander,Fleming,1881-08-06,1955-03-11,Scotland,GB,Lochfield,United Kingdom,GB,London,male,
340,Ernst B.,Chain,1906-06-19,1979-08-12,Germany,DE,Berlin,Ireland,IE,Mulrany,male,
341,Sir Howard,Florey,1898-09-24,1968-02-21,Australia,AU,Adelaide,United Kingdom,GB,Oxford,male,
342,Hermann J.,Muller,1890-12-21,1967-04-05,USA,US,"New York, NY",USA,US,"Indianapolis, IN",male,
343,Carl,Cori,1896-12-05,1984-10-20,Austria-Hungary (now Czech Republic),CZ,Prague,USA,US,"Cambridge, MA",male,
344,Gerty,Cori,1896-08-15,1957-10-26,Austria-Hungary (now Czech Republic),CZ,Prague,USA,US,"St. Louis, MO",female,
345,Bernardo,Houssay,1887-04-10,1971-09-21,Argentina,AR,Buenos Aires,Argentina,AR,Buenos Aires,male,
346,Paul,Müller,1899-01-12,1965-10-12,Switzerland,CH,Olten,Switzerland,CH,Basel,male,
347,Walter,Hess,1881-03-17,1973-08-12,Switzerland,CH,Frauenfeld,Switzerland,CH,Ascona,male,
348,Egas,Moniz,1874-11-29,1955-12-13,Portugal,PT,Avanca,Portugal,PT,Lisbon,male,
349,Edward C.,Kendall,1886-03-08,1972-05-04,USA,US,"South Norwalk, CT",USA,US,"Princeton, NJ",male,
350,Tadeus,Reichstein,1897-07-20,1996-08-01,Poland,PL,Wloclawek,Switzerland,CH,Basel,male,
351,Philip S.,Hench,1896-02-28,1965-03-30,USA,US,"Pittsburgh, PA",Jamaica,JM,Ocho Rios,male,
352,Max,Theiler,1899-01-30,1972-08-11,South Africa,ZA,Pretoria,USA,US,"New Haven, CT",male,
353,Selman A.,Waksman,1888-07-22,1973-08-16,Russian Empire (now Ukraine),UA,Priluka (now Nova Pryluka),USA,US,"Hyannis, MA",male,
354,Hans,Krebs,1900-08-25,1981-11-22,Germany,DE,Hildesheim,United Kingdom,GB,Oxford,male,
355,Fritz,Lipmann,1899-06-12,1986-07-24,Germany (now Russia),RU,Koenigsberg (now Kaliningrad),USA,US,"Poughkeepsie, NY",male,
356,John F.,Enders,1897-02-10,1985-09-08,USA,US,"West Hartford, CT",USA,US,"Waterford, CT",male,
357,Thomas H.,Weller,1915-06-15,2008-08-23,USA,US,"Ann Arbor, MI",USA,US,"Needham, MA",male,
358,Frederick C.,Robbins,1916-08-25,2003-08-04,USA,US,"Auburn, AL",USA,US,"Cleveland, OH",male,
359,Hugo,Theorell,1903-07-06,1982-08-15,Sweden,SE,Linköping,Sweden,SE,Stockholm,male,
360,André F.,Cournand,1895-09-24,1988-02-19,France,FR,Paris,USA,US,"Great Barrington, MA",male,
361,Werner,Forssmann,1904-08-29,1979-06-01,Germany,DE,Berlin,West Germany (now Germany),DE,Schopfheim,male,
362,Dickinson W.,Richards,1895-10-30,1973-02-23,USA,US,"Orange, NJ",USA,US,"Lakeville, CT",male,
363,Daniel,Bovet,1907-03-23,1992-04-08,Switzerland,CH,Neuchâtel,Italy,IT,Rome,male,
364,George,Beadle,1903-10-22,1989-06-09,USA,US,"Wahoo, NE",USA,US,"Pomona, CA",male,
365,Edward,Tatum,1909-12-14,1975-11-05,USA,US,"Boulder, CO",USA,US,"New York, NY",male,
366,Joshua,Lederberg,1925-05-23,2008-02-02,USA,US,"Montclair, NJ",USA,US,"New York, NY",male,
367,Severo,Ochoa,1905-09-24,1993-11-01,Spain,ES,Luarca,Spain,ES,Madrid,male,
368,Arthur,Kornberg,1918-03-03,2007-10-26,USA,US,"Brooklyn, NY",USA,US,"Stanford, CA",male,
369,Sir Frank Macfarlane,Burnet,1899-09-03,1985-08-31,Australia,AU,Traralgon,Australia,AU,Melbourne,male,
370,Peter,Medawar,1915-02-28,1987-10-02,Brazil,BR,Rio de Janeiro,United Kingdom,GB,London,male,
371,Georg,von Békésy,1899-06-03,1972-06-13,Hungary,HU,Budapest,USA,US,"Honolulu, HI",male,
372,Francis,Crick,1916-06-08,2004-07-28,United Kingdom,GB,Northampton,USA,US,"San Diego, CA",male,
373,James,Watson,1928-04-06,0000-00-00,USA,US,"Chicago, IL",NA,NA,NA,male,
374,Maurice,Wilkins,1916-12-15,2004-10-05,New Zealand,NZ,Pongaroa,United Kingdom,GB,London,male,
375,Sir John,Eccles,1903-01-27,1997-05-02,Australia,AU,Melbourne,Switzerland,CH,Contra,male,
376,Alan,Hodgkin,1914-02-05,1998-12-20,United Kingdom,GB,Banbury,United Kingdom,GB,Cambridge,male,
377,Andrew,Huxley,1917-11-22,2012-05-30,United Kingdom,GB,Hampstead,United Kingdom,GB,Grantchester,male,
378,Konrad,Bloch,1912-01-21,2000-10-15,Germany (now Poland),PL,Neisse (now Nysa),USA,US,"Burlington, MA",male,
379,Feodor,Lynen,1911-04-06,1979-08-06,Germany,DE,Munich,Germany,DE,Munich,male,
380,François,Jacob,1920-06-17,2013-04-19,France,FR,Nancy,France,FR,Paris,male,
381,André,Lwoff,1902-05-08,1994-09-30,France,FR,Ainay-le-Château,France,FR,Paris,male,
382,Jacques,Monod,1910-02-09,1976-05-31,France,FR,Paris,France,FR,Cannes,male,
383,Peyton,Rous,1879-10-05,1970-02-16,USA,US,"Baltimore, MD",USA,US,"New York, NY",male,
384,Charles B.,Huggins,1901-09-22,1997-01-12,Canada,CA,"Halifax, Nova Scotia",USA,US,"Chicago, IL",male,
385,Ragnar,Granit,1900-10-30,1991-03-12,Russian Empire (now Finland),FI,Helsinki,Sweden,SE,Stockholm,male,
386,Keffer,Hartline,1903-12-22,1983-03-17,USA,US,"Bloomsburg, PA",USA,US,"Fallston, MD",male,
387,George,Wald,1906-11-18,1997-04-12,USA,US,"New York, NY",USA,US,"Cambridge, MA",male,
388,Robert W.,Holley,1922-01-28,1993-02-11,USA,US,"Urbana, IL",USA,US,"Los Gatos, CA",male,
389,H. Gobind,Khorana,1922-01-09,2011-11-09,India,IN,Raipur,USA,US,"Concord, MA",male,
390,Marshall W.,Nirenberg,1927-04-10,2010-01-15,USA,US,"New York, NY",USA,US,"New York, NY",male,
391,Max,Delbrück,1906-09-04,1981-03-09,Germany,DE,Berlin,USA,US,"Pasadena, CA",male,
392,Alfred D.,Hershey,1908-12-04,1997-05-22,USA,US,"Owosso, MI",USA,US,"Syosset, NY",male,
393,Salvador E.,Luria,1912-08-13,1991-02-06,Italy,IT,Turin,USA,US,"Lexington, MA",male,
394,Sir Bernard,Katz,1911-03-26,2003-04-20,Germany,DE,Leipzig,United Kingdom,GB,London,male,
395,Ulf,von Euler,1905-02-07,1983-03-09,Sweden,SE,Stockholm,Sweden,SE,Stockholm,male,
396,Julius,Axelrod,1912-05-30,2004-12-29,USA,US,"New York, NY",USA,US,"Rockville, MD",male,
397,Earl W.,"Sutherland, Jr.",1915-11-19,1974-03-09,USA,US,"Burlingame, KS",USA,US,"Miami, FL",male,
398,Gerald M.,Edelman,1929-07-01,2014-05-17,USA,US,"New York, NY",USA,US,"La Jolla, CA",male,
399,Rodney R.,Porter,1917-10-08,1985-09-06,United Kingdom,GB,Newton-le-Willows,United Kingdom,GB,Winchester,male,
400,Karl,von Frisch,1886-11-20,1982-06-12,Austria,AT,Vienna,West Germany (now Germany),DE,Munich,male,
401,Konrad,Lorenz,1903-11-07,1989-02-27,Austria,AT,Vienna,Austria,AT,Vienna,male,
402,Nikolaas,Tinbergen,1907-04-15,1988-12-21,the Netherlands,NL,the Hague,United Kingdom,GB,Oxford,male,
403,Albert,Claude,1898-08-24,1983-05-22,Belgium,BE,Longlier,Belgium,BE,Brussels,male,
404,Christian,de Duve,1917-10-02,2013-05-04,United Kingdom,GB,Thames Ditton,Belgium,BE,Nethen,male,
405,George E.,Palade,1912-11-19,2008-10-07,Romania,RO,Iasi,USA,US,"Del Mar, CA",male,
406,David,Baltimore,1938-03-07,0000-00-00,USA,US,"New York, NY",NA,NA,NA,male,
407,Renato,Dulbecco,1914-02-22,2012-02-19,Italy,IT,Catanzaro,USA,US,"La Jolla, CA",male,
408,Howard M.,Temin,1934-12-10,1994-02-09,USA,US,"Philadelphia, PA",USA,US,"Madison, WI",male,
409,Baruch S.,Blumberg,1925-07-28,2011-04-05,USA,US,"New York, NY",USA,US,"Moffett Field, CA",male,
410,D. Carleton,Gajdusek,1923-09-09,2008-12-12,USA,US,"Yonkers, NY",Norway,NO,Tromsø,male,
411,Roger,Guillemin,1924-01-11,0000-00-00,France,FR,Dijon,NA,NA,NA,male,
412,Andrew V.,Schally,1926-11-30,0000-00-00,Poland (now Lithuania),LT,Wilno (now Vilnius),NA,NA,NA,male,
413,Rosalyn,Yalow,1921-07-19,2011-05-30,USA,US,"New York, NY",USA,US,"New York, NY",female,
414,Werner,Arber,1929-06-03,0000-00-00,Switzerland,CH,Gränichen,NA,NA,NA,male,
415,Daniel,Nathans,1928-10-30,1999-11-16,USA,US,"Wilmington, DE",USA,US,"Baltimore, MD",male,
416,Hamilton O.,Smith,1931-08-23,0000-00-00,USA,US,"New York, NY",NA,NA,NA,male,
417,Allan M.,Cormack,1924-02-23,1998-05-07,South Africa,ZA,Johannesburg,USA,US,"Winchester, MA",male,
418,Godfrey N.,Hounsfield,1919-08-28,2004-08-12,United Kingdom,GB,Newark,United Kingdom,GB,Kingston upon Thames,male,
419,Baruj,Benacerraf,1920-10-29,2011-08-02,Venezuela,VE,Caracas,USA,US,"Boston, MA",male,
420,Jean,Dausset,1916-10-19,2009-06-06,France,FR,Toulouse,Spain,ES,"Palma, Majorca",male,
421,George D.,Snell,1903-12-19,1996-06-06,USA,US,"Bradford, MA",USA,US,"Bar Harbor, ME",male,
422,Roger W.,Sperry,1913-08-20,1994-04-17,USA,US,"Hartford, CT",USA,US,"Pasadena, CA",male,
423,David H.,Hubel,1926-02-27,2013-09-22,Canada,CA,"Windsor, ON",USA,US,"Lincoln, MA",male,
424,Torsten N.,Wiesel,1924-06-03,0000-00-00,Sweden,SE,Uppsala,NA,NA,NA,male,
425,Sune K.,Bergström,1916-01-10,2004-08-15,Sweden,SE,Stockholm,Sweden,SE,Stockholm,male,
426,Bengt I.,Samuelsson,1934-05-21,0000-00-00,Sweden,SE,Halmstad,NA,NA,NA,male,
427,John R.,Vane,1927-03-29,2004-11-19,United Kingdom,GB,Tardebigg,United Kingdom,GB,Farnborough,male,
428,Barbara,McClintock,1902-06-16,1992-09-02,USA,US,"Hartford, CT",USA,US,"Huntington, NY",female,
429,Niels K.,Jerne,1911-12-23,1994-10-07,United Kingdom,GB,London,France,FR,Castillon-du-Gard,male,
430,Georges J.F.,Köhler,1946-04-17,1995-03-01,Germany,DE,Munich,Germany,DE,Freiburg im Breisgau,male,
431,César,Milstein,1927-10-08,2002-03-24,Argentina,AR,Bahia Blanca,United Kingdom,GB,Cambridge,male,
432,Michael S.,Brown,1941-04-13,0000-00-00,USA,US,"New York, NY",NA,NA,NA,male,
433,Joseph L.,Goldstein,1940-04-18,0000-00-00,USA,US,"Sumter, SC",NA,NA,NA,male,
434,Stanley,Cohen,1922-11-17,2020-02-05,USA,US,"Brooklyn, NY",USA,US,"Nashville, TN",male,
435,Rita,Levi-Montalcini,1909-04-22,2012-12-30,Italy,IT,Turin,Italy,IT,Rome,female,
436,Susumu,Tonegawa,1939-09-05,0000-00-00,Japan,JP,Nagoya,NA,NA,NA,male,
437,Sir James W.,Black,1924-06-14,2010-03-21,Scotland,GB,Uddingston,NA,NA,NA,male,
438,Gertrude B.,Elion,1918-01-23,1999-02-21,USA,US,"New York, NY",USA,US,"Chapel Hill, NC",female,
439,George H.,Hitchings,1905-04-18,1998-02-27,USA,US,"Hoquiam, WA",USA,US,"Chapel Hill, NC",male,
440,J. Michael,Bishop,1936-02-22,0000-00-00,USA,US,"York, PA",NA,NA,NA,male,
441,Harold E.,Varmus,1939-12-18,0000-00-00,USA,US,"Oceanside, NY",NA,NA,NA,male,
442,Joseph E.,Murray,1919-04-01,2012-11-26,USA,US,"Milford, MA",USA,US,"Boston, MA",male,
443,E. Donnall,Thomas,1920-03-15,2012-10-20,USA,US,"Mart, TX",USA,US,"Seattle, WA",male,
444,Erwin,Neher,1944-03-20,0000-00-00,Germany,DE,Landsberg,NA,NA,NA,male,
445,Bert,Sakmann,1942-06-12,0000-00-00,Germany,DE,Stuttgart,NA,NA,NA,male,
446,Edmond H.,Fischer,1920-04-06,2021-08-27,China,CN,Shanghai,USA,US,"Seattle, WA",male,
447,Edwin G.,Krebs,1918-06-06,2009-12-21,USA,US,"Lansing, IA",USA,US,"Seattle, WA",male,
448,Richard J.,Roberts,1943-09-06,0000-00-00,United Kingdom,GB,Derby,NA,NA,NA,male,
449,Phillip A.,Sharp,1944-06-06,0000-00-00,USA,US,"Falmouth, KY",NA,NA,NA,male,
450,Alfred G.,Gilman,1941-07-01,2015-12-23,USA,US,"New Haven, CT",USA,US,"Dallas, TX",male,
451,Martin,Rodbell,1925-12-01,1998-12-07,USA,US,"Baltimore, MD",USA,US,"Chapel Hill, NC",male,
452,Edward B.,Lewis,1918-05-20,2004-07-21,USA,US,"Wilkes-Barre, PA",USA,US,"Pasadena, CA",male,
453,Christiane,Nüsslein-Volhard,1942-10-20,0000-00-00,Germany,DE,Magdeburg,NA,NA,NA,female,
454,Eric F.,Wieschaus,1947-06-08,0000-00-00,USA,US,"South Bend, IN",NA,NA,NA,male,
455,Peter C.,Doherty,1940-10-15,0000-00-00,Australia,AU,Brisbane,NA,NA,NA,male,
456,Rolf M.,Zinkernagel,1944-01-06,0000-00-00,Switzerland,CH,Basel,NA,NA,NA,male,
457,Stanley B.,Prusiner,1942-05-28,0000-00-00,USA,US,"Des Moines, IA",NA,NA,NA,male,
458,Robert F.,Furchgott,1916-06-04,2009-05-19,USA,US,"Charleston, SC",USA,US,"Seattle, WA",male,
459,Louis J.,Ignarro,1941-05-31,0000-00-00,USA,US,"Brooklyn, NY",NA,NA,NA,male,
460,Ferid,Murad,1936-09-14,0000-00-00,USA,US,"Whiting, IN",NA,NA,NA,male,
461,Günter,Blobel,1936-05-21,2018-02-18,Germany (now Poland),PL,Waltersdorf (now Niegoslawice),USA,US,"New York, NY",male,
462,Henry,Dunant,1828-05-08,1910-10-30,Switzerland,CH,Geneva,Switzerland,CH,Heiden,male,
463,Frédéric,Passy,1822-05-20,1912-06-12,France,FR,Paris,France,FR,Paris,male,
464,Élie,Ducommun,1833-02-19,1906-12-07,Switzerland,CH,Geneva,Switzerland,CH,Bern,male,
465,Albert,Gobat,1843-05-21,1914-03-16,Switzerland,CH,Tramelan,Switzerland,CH,Bern,male,
466,Randal,Cremer,1828-03-18,1908-07-22,United Kingdom,GB,Fareham,United Kingdom,GB,London,male,
467,Institute of International Law,NA,1873-00-00,0000-00-00,NA,NA,NA,NA,NA,NA,org,
468,Bertha,von Suttner,1843-06-09,1914-06-21,Austrian Empire (now Czech Republic),CZ,Prague,Austria,AT,Vienna,female,
470,Theodore,Roosevelt,1858-10-27,1919-01-06,USA,US,"New York, NY",USA,US,"Oyster Bay, NY",male,
471,Ernesto Teodoro,Moneta,1833-09-20,1918-02-10,Austrian Empire (now Italy),IT,Milan,Italy,IT,Milan,male,
472,Louis,Renault,1843-05-21,1918-02-08,France,FR,Autun,France,FR,Barbizon,male,
473,Klas Pontus,Arnoldson,1844-10-27,1916-02-20,Sweden,SE,Gothenburg,Sweden,SE,Stockholm,male,
474,Fredrik,Bajer,1837-04-21,1922-01-22,Denmark,DK,Næstved,Denmark,DK,Copenhagen,male,
475,Auguste,Beernaert,1829-07-26,1912-10-06,Belgium,BE,Ostend,Switzerland,CH,Lucerne,male,
476,Paul Henri,d'Estournelles de Constant,1852-11-22,1924-05-15,France,FR,La Flèche,France,FR,Paris,male,
477,Permanent International Peace Bureau,NA,1891-00-00,0000-00-00,NA,NA,NA,NA,NA,NA,org,
478,Tobias,Asser,1838-04-28,1913-07-29,the Netherlands,NL,Amsterdam,the Netherlands,NL,the Hague,male,
479,Alfred,Fried,1864-11-11,1921-05-04,Austria,AT,Vienna,Austria,AT,Vienna,male,
480,Elihu,Root,1845-02-15,1937-02-07,USA,US,"Clinton, NY",USA,US,"New York, NY",male,
481,Henri,La Fontaine,1854-04-22,1943-05-14,Belgium,BE,Brussels,Belgium,BE,Brussels,male,
482,International Committee of the Red Cross,NA,1863-00-00,0000-00-00,NA,NA,NA,NA,NA,NA,org,
483,Woodrow,Wilson,1856-12-28,1924-02-03,USA,US,"Staunton, VA",USA,US,"Washington, DC",male,
484,Léon,Bourgeois,1851-05-21,1925-09-29,France,FR,Paris,France,FR,Épernay,male,
485,Hjalmar,Branting,1860-11-23,1925-02-24,Sweden,SE,Stockholm,Sweden,SE,Stockholm,male,
486,Christian,Lange,1869-09-17,1938-12-11,Norway,NO,Stavanger,Norway,NO,Oslo,male,
487,Fridtjof,Nansen,1861-10-10,1930-05-13,Norway,NO,Kristiania (now Oslo),Norway,NO,Oslo,male,
488,Sir Austen,Chamberlain,1863-10-16,1937-03-16,United Kingdom,GB,Birmingham,United Kingdom,GB,London,male,
489,Charles G.,Dawes,1865-08-27,1951-04-23,USA,US,"Marietta, OH",USA,US,"Evanston, IL",male,
490,Aristide,Briand,1862-03-28,1932-03-07,France,FR,Nantes,France,FR,Paris,male,
491,Gustav,Stresemann,1878-05-10,1929-10-03,Germany,DE,Berlin,Germany,DE,Berlin,male,
492,Ferdinand,Buisson,1841-12-20,1932-02-16,France,FR,Paris,France,FR,Thieuloy-Saint-Antoine,male,
493,Ludwig,Quidde,1858-03-23,1941-03-04,Germany,DE,Bremen,Switzerland,CH,Geneva,male,
494,Frank B.,Kellogg,1856-12-22,1937-12-21,USA,US,"Potsdam, NY",USA,US,"St. Paul, MN",male,
495,Nathan,Söderblom,1866-01-15,1931-07-12,Sweden,SE,Trönö,Sweden,SE,Uppsala,male,
496,Jane,Addams,1860-09-06,1935-05-21,USA,US,"Cedarville, IL",USA,US,"Chicago, IL",female,
497,Nicholas Murray,Butler,1862-04-02,1947-12-07,USA,US,"Elizabeth, NJ",USA,US,"New York, NY",male,
498,Sir Norman,Angell,1872-12-26,1967-10-07,United Kingdom,GB,Holbeach,United Kingdom,GB,Croydon,male,
499,Arthur,Henderson,1863-09-13,1935-10-20,Scotland,GB,Glasgow,United Kingdom,GB,London,male,
500,Carl,von Ossietzky,1889-10-03,1938-05-04,Germany,DE,Hamburg,Germany,DE,Berlin,male,
501,Carlos,Saavedra Lamas,1878-11-01,1959-05-05,Argentina,AR,Buenos Aires,Argentina,AR,Buenos Aires,male,
502,Robert,Cecil,1864-09-14,1958-11-24,United Kingdom,GB,London,United Kingdom,GB,Tunbridge Wells,male,
503,Nansen International Office for Refugees,NA,1921-00-00,0000-00-00,NA,NA,NA,NA,NA,NA,org,
505,Cordell,Hull,1871-10-02,1955-07-23,USA,US,"Olympus, TN",USA,US,"Bethesda, MD",male,
506,Emily Greene,Balch,1867-01-08,1961-01-09,USA,US,"Jamaica Plain, MA (now Boston, MA)",USA,US,"Cambridge, MA",female,
507,John R.,Mott,1865-05-25,1955-01-31,USA,US,"Livingston Manor, NY",USA,US,NA,male,
508,Friends Service Council,NA,1647-00-00,0000-00-00,NA,NA,NA,NA,NA,NA,org,
509,American Friends Service Committee,NA,1917-00-00,0000-00-00,NA,NA,NA,NA,NA,NA,org,
510,John,Boyd Orr,1880-09-23,1971-06-25,Scotland,GB,Kilmaurs,Scotland,GB,Edzell,male,
511,Ralph,Bunche,1904-08-07,1971-12-09,USA,US,"Detroit, MI",USA,US,"New York, NY",male,
512,Léon,Jouhaux,1879-07-01,1954-04-28,France,FR,Paris,France,FR,Paris,male,
513,Albert,Schweitzer,1875-01-14,1965-09-04,Germany (now France),FR,Kaysersberg,Gabon,GA,Lambaréné,male,
514,George C.,Marshall,1880-12-31,1959-10-16,USA,US,"Uniontown, PA",USA,US,"Washington, DC",male,
515,Office of the United Nations High Commissioner for Refugees,NA,1950-12-14,0000-00-00,NA,NA,NA,NA,NA,NA,org,
516,Lester Bowles,Pearson,1897-04-23,1972-12-27,Canada,CA,Toronto,Canada,CA,Ottawa,male,
517,Georges,Pire,1910-02-10,1969-01-30,Belgium,BE,Dinant,Belgium,BE,Leuven,male,
518,Philip,Noel-Baker,1889-11-01,1982-10-08,United Kingdom,GB,London,United Kingdom,GB,London,male,
519,Albert,Luthuli,1898-00-00,1967-07-21,Southern Rhodesia (now Zimbabwe),ZW,Bulawayo,South Africa,ZA,Stanger,male,
520,Dag,Hammarskjöld,1905-07-29,1961-09-18,Sweden,SE,Jönköping,Northern Rhodesia (now Zambia),ZM,Ndola,male,
523,League of Red Cross Societies,NA,1919-00-00,0000-00-00,NA,NA,NA,NA,NA,NA,org,
524,Martin Luther,King Jr.,1929-01-15,1968-04-04,USA,US,"Atlanta, GA",USA,US,"Memphis, TN",male,
525,United Nations Children's Fund,NA,1946-00-00,0000-00-00,NA,NA,NA,NA,NA,NA,org,
526,René,Cassin,1887-10-05,1976-02-20,France,FR,Bayonne,France,FR,Paris,male,
527,International Labour Organization,NA,1919-00-00,0000-00-00,NA,NA,NA,NA,NA,NA,org,
528,Norman,Borlaug,1914-03-25,2009-09-12,USA,US,"Cresco, IA",USA,US,"Dallas, TX",male,
529,Willy,Brandt,1913-12-18,1992-10-08,Germany,DE,Lübeck,Germany,DE,Unkel,male,
530,Henry,Kissinger,1923-05-27,0000-00-00,Germany,DE,Fürth,NA,NA,NA,male,
531,Le Duc Tho,NA,1911-10-14,1990-10-13,Vietnam,VN,Nam Ha province,Vietnam,VN,Hanoi,male,
532,Seán,MacBride,1904-01-26,1988-01-15,France,FR,Paris,Ireland,IE,Dublin,male,
533,Eisaku,Sato,1901-03-27,1975-06-03,Japan,JP,Tabuse,Japan,JP,Tokyo,male,
534,Andrei,Sakharov,1921-05-21,1989-12-14,Russia,RU,Moscow,USSR (now Russia),RU,Moscow,male,
535,Betty,Williams,1943-05-22,2020-03-17,Northern Ireland,GB,Belfast,Northern Ireland,GB,Belfast,female,
536,Mairead,Corrigan,1944-01-27,0000-00-00,Northern Ireland,GB,Belfast,NA,NA,NA,female,
537,Amnesty International,NA,1961-00-00,0000-00-00,NA,NA,NA,NA,NA,NA,org,
538,Anwar,al-Sadat,1918-12-25,1981-10-06,Egypt,EG,Mit Abu al-Kawm,Egypt,EG,Cairo,male,
539,Menachem,Begin,1913-08-16,1992-03-09,Russian Empire (now Belarus),BY,Brest Litovsk,Israel,IL,Tel Aviv,male,
540,Anjezë Gonxhe,Bojaxhiu,1910-08-26,1997-09-05,Ottoman Empire (now North Macedonia),MK,Uskup (now Skopje),India,IN,Calcutta,female,
541,Adolfo,Pérez Esquivel,1931-11-26,0000-00-00,Argentina,AR,Buenos Aires,NA,NA,NA,male,
543,Alva,Myrdal,1902-01-31,1986-02-01,Sweden,SE,Uppsala,Sweden,SE,Stockholm,female,
544,Alfonso,García Robles,1911-03-20,1991-09-02,Mexico,MX,Zamora,Mexico,MX,Mexico City,male,
545,Lech,Walesa,1943-09-29,0000-00-00,Poland,PL,Popowo,NA,NA,NA,male,
546,Desmond,Tutu,1931-10-07,2021-12-26,South Africa,ZA,Klerksdorp,South Africa,ZA,Cape Town,male,
547,International Physicians for the Prevention of Nuclear War,NA,1980-00-00,0000-00-00,NA,NA,NA,NA,NA,NA,org,
548,Elie,Wiesel,1928-09-30,2016-07-02,Romania,RO,Sighet,USA,US,"New York, NY",male,
549,Oscar,Arias Sánchez,1940-09-13,0000-00-00,Costa Rica,CR,Heredia,NA,NA,NA,male,
550,United Nations Peacekeeping Forces,NA,1948-00-00,0000-00-00,NA,NA,NA,NA,NA,NA,org,
551,Lhamo,Thondup,1935-07-06,0000-00-00,Tibet (now China),CN,Taktser,NA,NA,NA,male,
552,Mikhail,Gorbachev,1931-03-02,0000-00-00,USSR (now Russia),RU,Privolnoye,NA,NA,NA,male,
553,Aung San Suu Kyi,NA,1945-06-19,0000-00-00,Burma (now Myanmar),MM,Rangoon (now Yangon),NA,NA,NA,female,
554,Rigoberta,Menchú Tum,1959-01-09,0000-00-00,Guatemala,GT,Aldea Chimel,NA,NA,NA,female,
555,Nelson,Mandela,1918-07-18,2013-12-05,South Africa,ZA,Qunu,South Africa,ZA,Johannesburg,male,
556,F.W.,de Klerk,1936-03-18,2021-11-11,South Africa,ZA,Johannesburg,South Africa,ZA,Cape Town,male,
557,Yasser,Arafat,1929-08-24,2004-11-11,Egypt,EG,Cairo,France,FR,Paris,male,
558,Shimon,Peres,1923-08-16,2016-09-28,Poland (now Belarus),BY,Vishneva,Israel,IL,Tel Aviv,male,
559,Yitzhak,Rabin,1922-03-01,1995-11-04,British Mandate of Palestine (now Israel),IL,Jerusalem,Israel,IL,Tel Aviv,male,
560,Joseph,Rotblat,1908-11-04,2005-08-31,Russian Empire (now Poland),PL,Warsaw,United Kingdom,GB,London,male,
561,Pugwash Conferences on Science and World Affairs,NA,1957-00-00,0000-00-00,NA,NA,NA,NA,NA,NA,org,
562,Carlos Filipe Ximenes,Belo,1948-02-03,0000-00-00,East Timor,TL,Wailacama,NA,NA,NA,male,
563,José,Ramos-Horta,1949-12-26,0000-00-00,East Timor,TL,Dili,NA,NA,NA,male,
564,International Campaign to Ban Landmines,NA,1992-00-00,0000-00-00,NA,NA,NA,NA,NA,NA,org,
565,Jody,Williams,1950-10-09,0000-00-00,USA,US,"Putney, VT",NA,NA,NA,female,
566,John,Hume,1937-01-18,2020-08-03,Northern Ireland,GB,Londonderry,Northern Ireland,GB,Londonderry,male,
567,David,Trimble,1944-10-15,0000-00-00,Northern Ireland,GB,Belfast,NA,NA,NA,male,
568,Médecins Sans Frontières,NA,1971-00-00,0000-00-00,NA,NA,NA,NA,NA,NA,org,
569,Sully,Prudhomme,1839-03-16,1907-09-07,France,FR,Paris,France,FR,Châtenay,male,
571,Theodor,Mommsen,1817-11-30,1903-11-01,Schleswig (now Germany),DE,Garding,Germany,DE,Charlottenburg,male,
572,Bjørnstjerne,Bjørnson,1832-12-08,1910-04-26,Norway,NO,Kvikne,France,FR,Paris,male,
573,Frédéric,Mistral,1830-09-08,1914-03-25,France,FR,Maillane,France,FR,Maillane,male,
574,José,Echegaray,1832-04-19,1916-09-04,Spain,ES,Madrid,Spain,ES,Madrid,male,
575,Henryk,Sienkiewicz,1846-05-05,1916-11-15,Poland,PL,Wola Okrzejska,Switzerland,CH,Vevey,male,
576,Giosuè,Carducci,1835-07-27,1907-02-16,Tuscany (now Italy),IT,Val di Castello,Italy,IT,Bologna,male,
577,Rudyard,Kipling,1865-12-30,1936-01-18,British India (now India),IN,Bombay (now Mumbai),United Kingdom,GB,London,male,
578,Rudolf,Eucken,1846-01-05,1926-09-14,East Friesland (now Germany),DE,Aurich,Germany,DE,Jena,male,
579,Selma,Lagerlöf,1858-11-20,1940-03-16,Sweden,SE,Mårbacka,Sweden,SE,Mårbacka,female,
580,Paul,Heyse,1830-03-15,1914-04-02,Prussia (now Germany),DE,Berlin,Germany,DE,Munich,male,
581,Maurice,Maeterlinck,1862-08-29,1949-05-06,Belgium,BE,Ghent,France,FR,Nice,male,
582,Gerhart,Hauptmann,1862-11-15,1946-06-06,Prussia (now Poland),PL,Bad Salzbrunn,Germany (now Poland),PL,Agnetendorf (now Jagniatków),male,
583,Rabindranath,Tagore,1861-05-07,1941-08-07,India,IN,Calcutta,India,IN,Calcutta,male,
584,Romain,Rolland,1866-01-29,1944-12-30,France,FR,Clamecy,France,FR,Vézelay,male,
585,Verner,von Heidenstam,1859-07-06,1940-05-20,Sweden,SE,Olshammar,Sweden,SE,Övralid,male,
586,Karl,Gjellerup,1857-06-02,1919-10-11,Denmark,DK,Roholte,Germany,DE,Klotzsche,male,
587,Henrik,Pontoppidan,1857-07-24,1943-08-21,Denmark,DK,Fredericia,Denmark,DK,Ordrup,male,
588,Carl,Spitteler,1845-04-24,1924-12-29,Switzerland,CH,Liestal,Switzerland,CH,Lucerne,male,
589,Knut,Hamsun,1859-08-04,1952-02-19,Norway,NO,Lom,Norway,NO,Grimstad,male,
590,Anatole,France,1844-04-16,1924-10-12,France,FR,Paris,France,FR,Saint-Cyr-sur-Loire,male,
592,Jacinto,Benavente,1866-08-12,1954-07-14,Spain,ES,Madrid,Spain,ES,Madrid,male,
593,William Butler,Yeats,1865-06-13,1939-01-28,Ireland,IE,Dublin,France,FR,Roquebrune-Cap-Martin,male,
594,Wladyslaw,Reymont,1867-05-07,1925-12-05,Russian Empire (now Poland),PL,Kobiele Wielkie,Poland,PL,Warsaw,male,
596,George Bernard,Shaw,1856-07-26,1950-11-02,Ireland,IE,Dublin,United Kingdom,GB,Ayot St. Lawrence,male,
597,Grazia,Deledda,1871-09-27,1936-08-15,Italy,IT,"Nuoro, Sardinia",Italy,IT,Rome,female,
600,Henri,Bergson,1859-10-18,1941-01-04,France,FR,Paris,France,FR,Paris,male,
601,Sigrid,Undset,1882-05-20,1949-06-10,Denmark,DK,Kalundborg,Norway,NO,Lillehammer,female,
602,Thomas,Mann,1875-06-06,1955-08-12,Germany,DE,Lübeck,Switzerland,CH,Zurich,male,
603,Sinclair,Lewis,1885-02-07,1951-01-10,USA,US,"Sauk Centre, MN",Italy,IT,Rome,male,
604,Erik Axel,Karlfeldt,1864-07-20,1931-04-08,Sweden,SE,Karlbo,Sweden,SE,Stockholm,male,
605,John,Galsworthy,1867-08-14,1933-01-31,United Kingdom,GB,Kingston Hill,United Kingdom,GB,London,male,
606,Ivan,Bunin,1870-10-22,1953-11-08,Russia,RU,Voronezh,France,FR,Paris,male,
607,Luigi,Pirandello,1867-06-28,1936-12-10,Italy,IT,"Agrigento, Sicily",Italy,IT,Rome,male,
608,Eugene,O'Neill,1888-10-16,1953-11-27,USA,US,"New York, NY",USA,US,"Boston, MA",male,
609,Roger,Martin du Gard,1881-03-23,1958-08-22,France,FR,Neuilly-sur-Seine,France,FR,Bellême,male,
610,Pearl,Buck,1892-06-26,1973-03-06,USA,US,"Hillsboro, WV",USA,US,"Danby, VT",female,
613,Frans Eemil,Sillanpää,1888-09-16,1964-06-03,Russian Empire (now Finland),FI,Hämeenkyrö,Finland,FI,Helsinki,male,
614,Johannes V.,Jensen,1873-01-20,1950-11-25,Denmark,DK,Farsø,Denmark,DK,Copenhagen,male,
615,Gabriela,Mistral,1889-04-07,1957-01-10,Chile,CL,Vicuña,USA,US,"Hempstead, NY",female,
617,Hermann,Hesse,1877-07-02,1962-08-09,Germany,DE,Calw,Switzerland,CH,Montagnola,male,
618,André,Gide,1869-11-22,1951-02-19,France,FR,Paris,France,FR,Paris,male,
619,T.S.,Eliot,1888-09-26,1965-01-04,USA,US,"St. Louis, MO",United Kingdom,GB,London,male,
620,William,Faulkner,1897-09-25,1962-07-06,USA,US,"New Albany, MS",USA,US,"Byhalia, MS",male,
621,Bertrand,Russell,1872-05-18,1970-02-02,United Kingdom,GB,Trelleck,United Kingdom,GB,Penrhyndeudraeth,male,
622,Pär,Lagerkvist,1891-05-23,1974-07-11,Sweden,SE,Växjö,Sweden,SE,Stockholm,male,
623,François,Mauriac,1885-10-11,1970-09-01,France,FR,Bordeaux,France,FR,Paris,male,
624,Winston,Churchill,1874-11-30,1965-01-24,United Kingdom,GB,Woodstock,United Kingdom,GB,London,male,
625,Ernest,Hemingway,1899-07-21,1961-07-02,USA,US,"Oak Park, IL",USA,US,"Ketchum, ID",male,
626,Halldór,Laxness,1902-04-23,1998-02-08,Iceland,IS,Reykjavik,Iceland,IS,Reykjavik,male,
627,Juan Ramón,Jiménez,1881-12-24,1958-05-29,Spain,ES,Moguer,Puerto Rico,PR,San Juan,male,
628,Albert,Camus,1913-11-07,1960-01-04,French Algeria (now Algeria),DZ,Mondovi,France,FR,Sens,male,
629,Boris,Pasternak,1890-02-10,1960-05-30,Russia,RU,Moscow,Russia,RU,Peredelkino,male,
630,Salvatore,Quasimodo,1901-08-20,1968-06-14,Italy,IT,Modica,Italy,IT,Naples,male,
631,Saint-John,Perse,1887-05-31,1975-09-20,Guadeloupe Island,GP,Pointe-à-Pitre,France,FR,Presqu'île-de-Giens,male,
633,Ivo,Andric,1892-10-10,1975-03-13,Bosnia (now Bosnia and Herzegovina),BA,Dolac,Yugoslavia (now Serbia),RS,Belgrade,male,
634,John,Steinbeck,1902-02-27,1968-12-20,USA,US,"Salinas, CA",USA,US,"New York, NY",male,
635,Giorgos,Seferis,1900-03-13,1971-09-20,Ottoman Empire (now Turkey),TR,Smyrna (now Izmir),Greece,GR,Athens,male,
637,Jean-Paul,Sartre,1905-06-21,1980-04-15,France,FR,Paris,France,FR,Paris,male,
638,Mikhail,Sholokhov,1905-05-24,1984-02-21,Russia,RU,Veshenskaya,USSR (now Russia),RU,Veshenskaya,male,
639,Shmuel,Agnon,1888-07-17,1970-02-17,Austria-Hungary (now Ukraine),UA,Buczacz (now Buchach),Israel,IL,Rehovot,male,
640,Nelly,Sachs,1891-12-10,1970-05-12,Germany,DE,Berlin,Sweden,SE,Stockholm,female,
641,Miguel Angel,Asturias,1899-10-19,1974-06-09,Guatemala,GT,Guatemala City,Spain,ES,Madrid,male,
642,Yasunari,Kawabata,1899-06-11,1972-04-16,Japan,JP,Osaka,Japan,JP,Zushi,male,
643,Samuel,Beckett,1906-04-13,1989-12-22,Ireland,IE,Dublin,France,FR,Paris,male,
644,Alexandr,Solzhenitsyn,1918-12-11,2008-08-03,Russia,RU,Kislovodsk,Russia,RU,Troitse-Lykovo,male,
645,Pablo,Neruda,1904-07-12,1973-09-23,Chile,CL,Parral,Chile,CL,Santiago,male,
647,Heinrich,Böll,1917-12-21,1985-07-16,Germany,DE,Cologne,West Germany (now Germany),DE,Bornheim-Merten,male,
648,Patrick,White,1912-05-28,1990-09-30,United Kingdom,GB,London,Australia,AU,Sydney,male,
649,Eyvind,Johnson,1900-07-29,1976-08-25,Sweden,SE,Svartbjörnsbyn,Sweden,SE,Stockholm,male,
650,Harry,Martinson,1904-05-06,1978-02-11,Sweden,SE,Jämshög,Sweden,SE,Stockholm,male,
651,Eugenio,Montale,1896-10-12,1981-09-12,Italy,IT,Genoa,Italy,IT,Milan,male,
652,Saul,Bellow,1915-06-10,2005-04-05,Canada,CA,Montreal,USA,US,"Brookline, MA",male,
653,Vicente,Aleixandre,1898-04-26,1984-12-14,Spain,ES,Sevilla,Spain,ES,Madrid,male,
654,Isaac Bashevis,Singer,1904-07-14,1991-07-24,Russian Empire (now Poland),PL,Leoncin,USA,US,"Surfside, FL",male,
655,Odysseus,Elytis,1911-11-02,1996-03-18,Crete (now Greece),GR,Iráklion,Greece,GR,Athens,male,
657,Czeslaw,Milosz,1911-06-30,2004-08-14,Russian Empire (now Lithuania),LT,Śeteniai,Poland,PL,Kraków,male,
658,Elias,Canetti,1905-07-25,1994-08-14,Bulgaria,BG,Ruse,Switzerland,CH,Zurich,male,
659,Gabriel,García Márquez,1927-03-06,2014-04-17,Colombia,CO,Aracataca,Mexico,MX,Mexico City,male,
660,William,Golding,1911-09-19,1993-06-19,United Kingdom,GB,St. Columb Minor,United Kingdom,GB,Perranarworthal,male,
661,Jaroslav,Seifert,1901-09-23,1986-01-10,Austria-Hungary (now Czech Republic),CZ,Prague,Czechoslovakia (now Czech Republic),CZ,Prague,male,
662,Claude,Simon,1913-10-10,2005-07-06,Madagascar,MG,Tananarive (now Antananarivo),France,FR,Paris,male,
663,Wole,Soyinka,1934-07-13,0000-00-00,Nigeria,NG,Abeokuta,NA,NA,NA,male,
664,Joseph,Brodsky,1940-05-24,1996-01-28,USSR (now Russia),RU,Leningrad (now St. Petersburg),USA,US,"New York, NY",male,
665,Naguib,Mahfouz,1911-12-11,2006-08-30,Egypt,EG,Cairo,Egypt,EG,Cairo,male,
666,Camilo José,Cela,1916-05-11,2002-01-17,Spain,ES,Iria Flavia,Spain,ES,Madrid,male,
667,Octavio,Paz,1914-03-31,1998-04-19,Mexico,MX,Mexico City,Mexico,MX,Mexico City,male,
668,Nadine,Gordimer,1923-11-20,2014-07-13,South Africa,ZA,Springs,South Africa,ZA,Johannesburg,female,
669,Derek,Walcott,1930-01-23,2017-03-17,Saint Lucia,LC,Castries,Saint Lucia,LC,Gros-Islet,male,
670,Toni,Morrison,1931-02-18,2019-08-05,USA,US,"Lorain, OH",USA,US,"New York, NY",female,
671,Kenzaburo,Oe,1935-01-31,0000-00-00,Japan,JP,Uchiko,NA,NA,NA,male,
672,Seamus,Heaney,1939-04-13,2013-08-30,Northern Ireland,GB,Casteldàwson,Ireland,IE,Dublin,male,
673,Wislawa,Szymborska,1923-07-02,2012-02-01,Poland,PL,Bnin (now Kórnik),Poland,PL,Kraków,female,
674,Dario,Fo,1926-03-24,2016-10-13,Italy,IT,Leggiuno-Sangiano,Italy,IT,Milan,male,
675,José,Saramago,1922-11-16,2010-06-18,Portugal,PT,Azinhaga,Spain,ES,Lanzarote,male,
676,Günter,Grass,1927-10-16,2015-04-13,Free City of Danzig (now Poland),PL,Danzig (now Gdansk),Germany,DE,Lübeck,male,
677,Ragnar,Frisch,1895-03-03,1973-01-31,Norway,NO,Oslo,Norway,NO,Oslo,male,
678,Jan,Tinbergen,1903-04-12,1994-06-09,the Netherlands,NL,the Hague,the Netherlands,NL,the Hague,male,
679,Paul A.,Samuelson,1915-05-15,2009-12-13,USA,US,"Gary, IN",USA,US,"Belmont, MA",male,
680,Simon,Kuznets,1901-04-30,1985-07-08,Russian Empire (now Belarus),BY,Pinsk,USA,US,"Cambridge, MA",male,
681,John R.,Hicks,1904-04-08,1989-05-20,United Kingdom,GB,Warwick,United Kingdom,GB,Blockley,male,
682,Kenneth J.,Arrow,1921-08-23,2017-02-21,USA,US,"New York, NY",USA,US,"Palo Alto, CA",male,
683,Wassily,Leontief,1906-08-05,1999-02-05,Russia,RU,St. Petersburg,USA,US,"New York, NY",male,
684,Gunnar,Myrdal,1898-12-06,1987-05-17,Sweden,SE,Skattungbyn,Sweden,SE,Stockholm,male,
685,Friedrich,von Hayek,1899-05-08,1992-03-23,Austria,AT,Vienna,Germany,DE,Freiburg,male,
686,Leonid Vitaliyevich,Kantorovich,1912-01-19,1986-04-07,Russian Empire (now Russia),RU,St. Petersburg,USSR (now Russia),RU,Moscow,male,
687,Tjalling C.,Koopmans,1910-08-28,1985-02-26,the Netherlands,NL,'s Graveland,USA,US,"New Haven, CT",male,
688,Milton,Friedman,1912-07-31,2006-11-16,USA,US,"Brooklyn, NY",USA,US,"San Francisco, CA",male,
689,Bertil,Ohlin,1899-04-23,1979-08-03,Sweden,SE,Klippan,Sweden,SE,Vålådalen,male,
690,James E.,Meade,1907-06-23,1995-12-22,United Kingdom,GB,Swanage,United Kingdom,GB,Cambridge,male,
691,Herbert,Simon,1916-06-15,2001-02-09,USA,US,"Milwaukee, WI",USA,US,"Pittsburgh, PA",male,
692,Theodore W.,Schultz,1902-04-30,1998-02-26,USA,US,"Arlington, SD",USA,US,"Evanston, IL",male,
693,Sir Arthur,Lewis,1915-01-23,1991-06-15,British West Indies (now Saint Lucia),LC,Castries,Barbados,BB,Bridgetown,male,
694,Lawrence R.,Klein,1920-09-14,2013-10-20,USA,US,"Omaha, NE",USA,US,"Gladwyne, PA",male,
695,James,Tobin,1918-03-05,2002-03-11,USA,US,"Champaign, IL",USA,US,"New Haven, CT",male,
696,George J.,Stigler,1911-01-17,1991-12-01,USA,US,"Renton, WA",USA,US,"Chicago, IL",male,
697,Gerard,Debreu,1921-07-04,2004-12-31,France,FR,Calais,France,FR,Paris,male,
698,Richard,Stone,1913-08-30,1991-12-06,United Kingdom,GB,London,United Kingdom,GB,Cambridge,male,
699,Franco,Modigliani,1918-06-18,2003-09-25,Italy,IT,Rome,USA,US,"Cambridge, MA",male,
700,James M.,Buchanan Jr.,1919-10-03,2013-01-09,USA,US,"Murfreesboro, TN",USA,US,"Blacksburg, VA",male,
701,Robert M.,Solow,1924-08-23,0000-00-00,USA,US,"Brooklyn, NY",NA,NA,NA,male,
702,Maurice,Allais,1911-05-31,2010-10-09,France,FR,Paris,France,FR,Paris,male,
703,Trygve,Haavelmo,1911-12-13,1999-07-26,Norway,NO,Skedsmo,Norway,NO,Oslo,male,
704,Harry M.,Markowitz,1927-08-24,0000-00-00,USA,US,"Chicago, IL",NA,NA,NA,male,
705,Merton H.,Miller,1923-05-16,2000-06-03,USA,US,"Boston, MA",USA,US,"Chicago, IL",male,
706,William F.,Sharpe,1934-06-16,0000-00-00,USA,US,"Boston, MA",NA,NA,NA,male,
707,Ronald H.,Coase,1910-12-29,2013-09-02,United Kingdom,GB,Willesden,USA,US,"Chicago, IL",male,
708,Gary,Becker,1930-12-02,2014-05-03,USA,US,"Pottsville, PA",USA,US,"Chicago, IL",male,
709,Robert W.,Fogel,1927-07-01,2013-06-11,USA,US,"New York, NY",USA,US,"Oak Lawn, IL",male,
710,Douglass C.,North,1920-11-05,2015-11-23,USA,US,"Cambridge, MA",USA,US,"Benzonia, MI",male,
711,John C.,Harsanyi,1920-05-29,2000-08-09,Hungary,HU,Budapest,USA,US,"Berkeley, CA",male,
712,John F.,Nash Jr.,1928-06-13,2015-05-23,USA,US,"Bluefield, WV",USA,US,"New Jersey, NJ",male,
713,Reinhard,Selten,1930-10-05,2016-08-23,Germany (now Poland),PL,Breslau (now Wroclaw),Poland,PL,Poznan,male,
714,Robert E.,Lucas Jr.,1937-09-15,0000-00-00,USA,US,"Yakima, WA",NA,NA,NA,male,
715,James A.,Mirrlees,1936-07-05,2018-08-29,Scotland,GB,Minnigaff,United Kingdom,GB,Cambridge,male,
716,William,Vickrey,1914-06-21,1996-10-11,Canada,CA,"Victoria, BC",USA,US,"Harrison, NY",male,
717,Robert C.,Merton,1944-07-31,0000-00-00,USA,US,"New York, NY",NA,NA,NA,male,
718,Myron,Scholes,1941-07-01,0000-00-00,Canada,CA,"Timmins, ON",NA,NA,NA,male,
719,Amartya,Sen,1933-11-03,0000-00-00,India,IN,Santiniketan,NA,NA,NA,male,
720,Robert,Mundell,1932-10-24,2021-04-04,Canada,CA,"Kingston, ON",Italy,IT,Siena,male,
721,Il´ja M.,Frank,1908-10-23,1990-06-22,Russia,RU,Leningrad (now St. Petersburg),USSR (now Russia),RU,Moscow,male,
722,Arvid,Carlsson,1923-01-25,2018-06-29,Sweden,SE,Uppsala,Sweden,SE,Gothenburg,male,
723,Paul,Greengard,1925-12-11,2019-04-13,USA,US,"New York, NY",USA,US,"New York, NY",male,
724,Eric,Kandel,1929-11-07,0000-00-00,Austria,AT,Vienna,NA,NA,NA,male,
725,Kim,Dae-jung,1925-12-03,2009-08-18,Korea (now South Korea),KR,Mokpo,NA,NA,NA,male,
726,Zhores,Alferov,1930-03-15,2019-03-01,USSR (now Belarus),BY,"Vitebsk, Belorussia",Russia,RU,St. Petersburg,male,
727,Herbert,Kroemer,1928-08-25,0000-00-00,Germany,DE,Weimar,NA,NA,NA,male,
728,Jack,Kilby,1923-11-08,2005-06-20,USA,US,"Jefferson City, MO",USA,US,"Dallas, TX",male,
729,Alan,Heeger,1936-01-22,0000-00-00,USA,US,"Sioux City, IA",NA,NA,NA,male,
730,Alan,MacDiarmid,1927-04-14,2007-02-07,New Zealand,NZ,Masterton,USA,US,"Drexel Hill, PA",male,
731,Hideki,Shirakawa,1936-08-20,0000-00-00,Japan,JP,Tokyo,NA,NA,NA,male,
732,James J.,Heckman,1944-04-19,0000-00-00,USA,US,"Chicago, IL",NA,NA,NA,male,
733,Daniel L.,McFadden,1937-07-29,0000-00-00,USA,US,"Raleigh, NC",NA,NA,NA,male,
734,Xingjian,Gao,1940-01-04,0000-00-00,China,CN,Ganzhou,NA,NA,NA,male,
735,Leland,Hartwell,1939-10-30,0000-00-00,USA,US,"Los Angeles, CA",NA,NA,NA,male,
736,Tim,Hunt,1943-02-19,0000-00-00,United Kingdom,GB,Neston,NA,NA,NA,male,
737,Sir Paul,Nurse,1949-01-25,0000-00-00,United Kingdom,GB,Norwich,NA,NA,NA,male,
738,Eric,Cornell,1961-12-19,0000-00-00,USA,US,"Palo Alto, CA",NA,NA,NA,male,
739,Wolfgang,Ketterle,1957-10-21,0000-00-00,West Germany (now Germany),DE,Heidelberg,NA,NA,NA,male,
740,Carl,Wieman,1951-03-26,0000-00-00,USA,US,"Corvallis, OR",NA,NA,NA,male,
741,William,Knowles,1917-06-01,2012-06-13,USA,US,"Taunton, MA",USA,US,"Chesterfield, MO",male,
742,Ryoji,Noyori,1938-09-03,0000-00-00,Japan,JP,Kobe,NA,NA,NA,male,
743,Barry,Sharpless,1941-04-28,0000-00-00,USA,US,"Philadelphia, PA",NA,NA,NA,male,
744,George A.,Akerlof,1940-06-17,0000-00-00,USA,US,"New Haven, CT",NA,NA,NA,male,
745,A. Michael,Spence,1943-00-00,0000-00-00,USA,US,"Montclair, NJ",NA,NA,NA,male,
746,Joseph E.,Stiglitz,1943-02-09,0000-00-00,USA,US,"Gary, IN",NA,NA,NA,male,
747,V. S.,Naipaul,1932-08-17,2018-08-11,Trinidad and Tobago,TT,Chaguanas,United Kingdom,GB,London,male,
748,United Nations,NA,1945-00-00,0000-00-00,NA,NA,NA,NA,NA,NA,org,
749,Kofi,Annan,1938-04-08,2018-08-18,Gold Coast (now Ghana),GH,Kumasi,Switzerland,CH,Bern,male,
750,Sydney,Brenner,1927-01-13,2019-04-05,South Africa,ZA,Germiston,Singapore,SG,NA,male,
751,H. Robert,Horvitz,1947-05-08,0000-00-00,USA,US,"Chicago, IL",NA,NA,NA,male,
752,John E.,Sulston,1942-03-27,2018-03-06,United Kingdom,GB,Cambridge,NA,NA,NA,male,
753,Raymond,Davis Jr.,1914-10-14,2006-05-31,USA,US,"Washington, DC",USA,US,"Blue Point, NY",male,
754,Masatoshi,Koshiba,1926-09-19,2020-11-12,Japan,JP,Toyohashi,Japan,JP,Tokyo,male,
755,Riccardo,Giacconi,1931-10-06,2018-12-16,Italy,IT,Genoa,USA,US,"La Jolla, CA",male,
756,John B.,Fenn,1917-06-15,2010-12-10,USA,US,"New York, NY",USA,US,"Richmond, VA",male,
757,Koichi,Tanaka,1959-08-03,0000-00-00,Japan,JP,Toyama City,NA,NA,NA,male,
758,Kurt,Wüthrich,1938-10-04,0000-00-00,Switzerland,CH,Aarberg,NA,NA,NA,male,
759,Daniel,Kahneman,1934-03-05,0000-00-00,British Mandate of Palestine (now Israel),IL,Tel Aviv,NA,NA,NA,male,
760,Vernon L.,Smith,1927-01-01,0000-00-00,USA,US,"Wichita, KS",NA,NA,NA,male,
761,Imre,Kertész,1929-11-09,2016-03-31,Hungary,HU,Budapest,Hungary,HU,Budapest,male,
762,Jimmy,Carter,1924-10-01,0000-00-00,USA,US,"Plains, GA",NA,NA,NA,male,
763,J. M.,Coetzee,1940-02-09,0000-00-00,South Africa,ZA,Cape Town,NA,NA,NA,male,
764,Paul C.,Lauterbur,1929-05-06,2007-03-27,USA,US,"Sidney, OH",USA,US,"Urbana, IL",male,
765,Sir Peter,Mansfield,1933-10-09,2017-02-08,United Kingdom,GB,London,NA,NA,NA,male,
766,Alexei,Abrikosov,1928-06-25,2017-03-29,USSR (now Russia),RU,Moscow,NA,NA,NA,male,
767,Vitaly L.,Ginzburg,1916-10-04,2009-11-08,Russia,RU,Moscow,NA,NA,NA,male,
768,Anthony J.,Leggett,1938-03-26,0000-00-00,United Kingdom,GB,London,NA,NA,NA,male,
769,Peter,Agre,1949-01-30,0000-00-00,USA,US,"Northfield, MN",NA,NA,NA,male,
770,Roderick,MacKinnon,1956-02-19,0000-00-00,USA,US,"Burlington, MA",NA,NA,NA,male,
771,Robert F.,Engle III,1942-11-10,0000-00-00,USA,US,"Syracuse, NY",NA,NA,NA,male,
772,Clive W.J.,Granger,1934-09-04,2009-05-27,United Kingdom,GB,Swansea,USA,US,"San Diego, CA",male,
773,Shirin,Ebadi,1947-06-21,0000-00-00,Iran,IR,Hamadan,NA,NA,NA,female,
774,Richard,Axel,1946-07-02,0000-00-00,USA,US,"New York, NY",NA,NA,NA,male,
775,Linda B.,Buck,1947-01-29,0000-00-00,USA,US,"Seattle, WA",NA,NA,NA,female,
776,David J.,Gross,1941-02-19,0000-00-00,USA,US,"Washington, DC",NA,NA,NA,male,
777,H. David,Politzer,1949-08-31,0000-00-00,USA,US,"New York, NY",NA,NA,NA,male,
778,Frank,Wilczek,1951-05-15,0000-00-00,USA,US,"New York, NY",NA,NA,NA,male,
779,Aaron,Ciechanover,1947-10-01,0000-00-00,British Protectorate of Palestine (now Israel),IL,Haifa,NA,NA,NA,male,
780,Avram,Hershko,1937-12-31,0000-00-00,Hungary,HU,Karcag,NA,NA,NA,male,
781,Irwin,Rose,1926-07-16,2015-06-03,USA,US,"Brooklyn, NY",USA,US,"Deerfield, MA",male,
782,Elfriede,Jelinek,1946-10-20,0000-00-00,Austria,AT,Mürzzuschlag,NA,NA,NA,female,
783,Wangari,Maathai,1940-04-01,2011-09-25,Kenya,KE,Nyeri,Kenya,KE,Nairobi,female,
786,Finn E.,Kydland,1943-12-01,0000-00-00,Norway,NO,Gjesdal,NA,NA,NA,male,
787,Edward C.,Prescott,1940-12-26,0000-00-00,USA,US,"Glens Falls, NY",NA,NA,NA,male,
789,Barry J.,Marshall,1951-09-30,0000-00-00,Australia,AU,Kalgoorlie,NA,NA,NA,male,
790,J. Robin,Warren,1937-06-11,0000-00-00,Australia,AU,Adelaide,NA,NA,NA,male,
791,Roy J.,Glauber,1925-09-01,2018-12-26,USA,US,"New York, NY",USA,US,"Newton, MA",male,
792,John L.,Hall,1934-08-21,0000-00-00,USA,US,"Denver, CO",NA,NA,NA,male,
793,Theodor W.,Hänsch,1941-10-30,0000-00-00,Germany,DE,Heidelberg,NA,NA,NA,male,
794,Yves,Chauvin,1930-10-10,2015-01-27,Belgium,BE,Menin,France,FR,Tours,male,
795,Robert H.,Grubbs,1942-02-27,2021-12-19,USA,US,"Possum Trot, KY",USA,US,"Duarte, CA",male,
796,Richard R.,Schrock,1945-01-04,0000-00-00,USA,US,"Berne, IN",NA,NA,NA,male,
797,International Atomic Energy Agency,NA,1957-00-00,0000-00-00,NA,NA,NA,NA,NA,NA,org,
798,Mohamed,ElBaradei,1942-06-17,0000-00-00,Egypt,EG,Cairo,NA,NA,NA,male,
799,Robert J.,Aumann,1930-06-08,0000-00-00,Germany,DE,Frankfurt-on-the-Main,NA,NA,NA,male,
800,Thomas C.,Schelling,1921-04-14,2016-12-13,USA,US,"Oakland, CA",USA,US,"Bethesda, MD",male,
801,Harold,Pinter,1930-10-10,2008-12-24,United Kingdom,GB,London,United Kingdom,GB,London,male,
802,Andrew Z.,Fire,1959-04-27,0000-00-00,USA,US,"Stanford, CA",NA,NA,NA,male,
803,Craig C.,Mello,1960-10-19,0000-00-00,USA,US,"New Haven, CT",NA,NA,NA,male,
804,John C.,Mather,1946-08-07,0000-00-00,USA,US,"Roanoke, VA",NA,NA,NA,male,
805,George F.,Smoot,1945-02-20,0000-00-00,USA,US,"Yukon, FL",NA,NA,NA,male,
806,Roger D.,Kornberg,1947-04-24,0000-00-00,USA,US,"St. Louis, MO",NA,NA,NA,male,
807,Edmund S.,Phelps,1933-07-26,0000-00-00,USA,US,"Evanston, IL",NA,NA,NA,male,
808,Orhan,Pamuk,1952-06-07,0000-00-00,Turkey,TR,Istanbul,NA,NA,NA,male,
809,Muhammad,Yunus,1940-06-28,0000-00-00,British India (now Bangladesh),BD,Chittagong,NA,NA,NA,male,
810,Grameen Bank,NA,1976-00-00,0000-00-00,NA,NA,NA,NA,NA,NA,org,
811,Mario R.,Capecchi,1937-10-06,0000-00-00,Italy,IT,Verona,NA,NA,NA,male,
812,Sir Martin J.,Evans,1941-01-01,0000-00-00,United Kingdom,GB,Stroud,NA,NA,NA,male,
813,Oliver,Smithies,1925-06-23,2017-01-10,United Kingdom,GB,Halifax,USA,US,"Chapel Hill, NC",male,
814,Albert,Fert,1938-03-07,0000-00-00,France,FR,Carcassonne,NA,NA,NA,male,
815,Peter,Grünberg,1939-05-18,2018-04-09,Czechoslovakia (now Czech Republic),CZ,Plzen,Germany,DE,Jülich,male,
816,Gerhard,Ertl,1936-10-10,0000-00-00,Germany,DE,Bad Cannstatt,NA,NA,NA,male,
817,Doris,Lessing,1919-10-22,2013-11-17,Persia (now Iran),IR,Kermanshah,United Kingdom,GB,London,female,
818,Intergovernmental Panel on Climate Change,NA,1988-00-00,0000-00-00,NA,NA,NA,NA,NA,NA,org,
819,Al,Gore,1948-03-31,0000-00-00,USA,US,"Washington, DC",NA,NA,NA,male,
820,Leonid,Hurwicz,1917-08-21,2008-06-24,Russia,RU,Moscow,USA,US,"Minneapolis, MN",male,
821,Eric S.,Maskin,1950-12-12,0000-00-00,USA,US,"New York, NY",NA,NA,NA,male,
822,Roger B.,Myerson,1951-03-29,0000-00-00,USA,US,"Boston, MA",NA,NA,NA,male,
823,Harald,zur Hausen,1936-03-11,0000-00-00,Germany,DE,Gelsenkirchen,NA,NA,NA,male,
824,Françoise,Barré-Sinoussi,1947-07-30,0000-00-00,France,FR,Paris,NA,NA,NA,female,
825,Luc,Montagnier,1932-08-18,0000-00-00,France,FR,Chabris,NA,NA,NA,male,
826,Yoichiro,Nambu,1921-01-18,2015-07-05,Japan,JP,Tokyo,Japan,JP,Osaka,male,
827,Makoto,Kobayashi,1944-04-07,0000-00-00,Japan,JP,Nagoya,NA,NA,NA,male,
828,Toshihide,Maskawa,1940-02-07,2021-07-23,Japan,JP,Nagoya,Japan,JP,Kyoto,male,
829,Osamu,Shimomura,1928-08-27,2018-10-19,Japan,JP,Kyoto,Japan,JP,Nagasaki,male,
830,Martin,Chalfie,1947-01-15,0000-00-00,USA,US,"Chicago, IL",NA,NA,NA,male,
831,Roger Y.,Tsien,1952-02-01,2016-08-24,USA,US,"New York, NY",USA,US,"Eugene, OR",male,
832,Jean-Marie Gustave,Le Clézio,1940-04-13,0000-00-00,France,FR,Nice,NA,NA,NA,male,
833,Martti,Ahtisaari,1937-06-23,0000-00-00,Finland,FI,Viipuri (now Vyborg),NA,NA,NA,male,
834,Paul,Krugman,1953-02-28,0000-00-00,USA,US,"New York, NY",NA,NA,NA,male,
835,Elizabeth H.,Blackburn,1948-11-26,0000-00-00,Australia,AU,"Hobart, Tasmania",NA,NA,NA,female,
836,Carol W.,Greider,1961-04-15,0000-00-00,USA,US,"San Diego, CA",NA,NA,NA,female,
837,Jack W.,Szostak,1952-11-09,0000-00-00,United Kingdom,GB,London,NA,NA,NA,male,
838,Charles K.,Kao,1933-11-04,2018-09-23,China,CN,Shanghai,NA,NA,Hong Kong,male,
839,Willard S.,Boyle,1924-08-19,2011-05-07,Canada,CA,"Amherst, NS",Canada,CA,"Truro, NS",male,
840,George E.,Smith,1930-05-10,0000-00-00,USA,US,"White Plains, NY",NA,NA,NA,male,
841,Venkatraman,Ramakrishnan,1952-00-00,0000-00-00,India,IN,"Chidambaram, Tamil Nadu",NA,NA,NA,male,
842,Thomas A.,Steitz,1940-08-23,2018-08-23,USA,US,"Milwaukee, WI",USA,US,"Branford, CT",male,
843,Ada E.,Yonath,1939-06-22,0000-00-00,British Mandate of Palestine (now Israel),IL,Jerusalem,NA,NA,NA,female,
844,Herta,Müller,1953-08-17,0000-00-00,Romania,RO,"Nitzkydorf, Banat",NA,NA,NA,female,
845,Barack,Obama,1961-08-04,0000-00-00,USA,US,"Honolulu, HI",NA,NA,NA,male,
846,Elinor,Ostrom,1933-08-07,2012-06-12,USA,US,"Los Angeles, CA",USA,US,"Bloomington, IN",female,
847,Oliver E.,Williamson,1932-09-27,0000-00-00,USA,US,"Superior, WI",NA,NA,NA,male,
848,Robert G.,Edwards,1925-09-27,2013-04-10,United Kingdom,GB,Batley,United Kingdom,GB,Cambridge,male,
849,Andre,Geim,1958-10-21,0000-00-00,Russia,RU,Sochi,NA,NA,NA,male,
850,Konstantin,Novoselov,1974-08-23,0000-00-00,Russia,RU,Nizhny Tagil,NA,NA,NA,male,
851,Richard F.,Heck,1931-08-15,2015-10-09,USA,US,"Springfield, MA",Philippines,PH,Manila,male,
852,Ei-ichi,Negishi,1935-07-14,2021-06-06,China,CN,Changchun,USA,US,"Indianapolis, IN",male,
853,Akira,Suzuki,1930-09-12,0000-00-00,Japan,JP,Mukawa,NA,NA,NA,male,
854,Mario,Vargas Llosa,1936-03-28,0000-00-00,Peru,PE,Arequipa,NA,NA,NA,male,
855,Xiaobo,Liu,1955-12-28,2017-07-13,China,CN,Changchun,China,CN,Shenyang,male,
856,Peter A.,Diamond,1940-04-29,0000-00-00,USA,US,"New York, NY",NA,NA,NA,male,
857,Dale T.,Mortensen,1939-02-02,2014-01-09,USA,US,"Enterprise, OR",USA,US,"Wilmette, IL",male,
858,Christopher A.,Pissarides,1948-02-20,0000-00-00,Cyprus,CY,Nicosia,NA,NA,NA,male,
861,Bruce A.,Beutler,1957-12-29,0000-00-00,USA,US,"Chicago, IL",NA,NA,NA,male,
862,Jules A.,Hoffmann,1941-08-02,0000-00-00,Luxembourg,LU,Echternach,NA,NA,NA,male,
863,Ralph M.,Steinman,1943-01-14,2011-09-30,Canada,CA,Montreal,NA,NA,NA,male,
864,Saul,Perlmutter,1959-00-00,0000-00-00,USA,US,"Champaign-Urbana, IL",NA,NA,NA,male,
865,Brian P.,Schmidt,1967-02-24,0000-00-00,USA,US,"Missoula, MT",NA,NA,NA,male,
866,Adam G.,Riess,1969-12-16,0000-00-00,USA,US,"Washington, DC",NA,NA,NA,male,
867,Dan,Shechtman,1941-01-24,0000-00-00,British Mandate of Palestine (now Israel),IL,Tel Aviv,NA,NA,NA,male,
868,Tomas,Tranströmer,1931-04-15,2015-03-26,Sweden,SE,Stockholm,Sweden,SE,Stockholm,male,
869,Ellen,Johnson Sirleaf,1938-10-29,0000-00-00,Liberia,LR,Monrovia,NA,NA,NA,female,
870,Leymah,Gbowee,1972-02-01,0000-00-00,Liberia,LR,Monrovia,NA,NA,NA,female,
871,Tawakkol,Karman,1979-02-07,0000-00-00,Yemen,YE,Ta'izz,NA,NA,NA,female,
872,Thomas J.,Sargent,1943-07-19,0000-00-00,USA,US,"Pasadena, CA",NA,NA,NA,male,
873,Christopher A.,Sims,1942-10-21,0000-00-00,USA,US,"Washington, DC",NA,NA,NA,male,
874,Sir John B.,Gurdon,1933-10-02,0000-00-00,United Kingdom,GB,Dippenhall,NA,NA,NA,male,
875,Shinya,Yamanaka,1962-09-04,0000-00-00,Japan,JP,Osaka,NA,NA,NA,male,
876,Serge,Haroche,1944-09-11,0000-00-00,Morocco,MA,Casablanca,NA,NA,NA,male,
877,David J.,Wineland,1944-02-24,0000-00-00,USA,US,"Milwaukee, WI",NA,NA,NA,male,
878,Robert J.,Lefkowitz,1943-04-15,0000-00-00,USA,US,"New York, NY",NA,NA,NA,male,
879,Brian,Kobilka,1955-05-30,0000-00-00,USA,US,"Little Falls, MN",NA,NA,NA,male,
880,Mo,Yan,1955-02-02,0000-00-00,China,CN,Gaomi,NA,NA,NA,male,
881,European Union (EU),NA,1952-00-00,0000-00-00,NA,NA,NA,NA,NA,NA,org,
882,Alvin E.,Roth,1951-12-18,0000-00-00,USA,US,"New York, NY",NA,NA,NA,male,
883,Lloyd S.,Shapley,1923-06-02,2016-03-12,USA,US,"Cambridge, MA",USA,US,"Tucson, AZ",male,
884,James E.,Rothman,1950-11-03,0000-00-00,USA,US,"Haverhill, MA",NA,NA,NA,male,
885,Randy W.,Schekman,1948-12-30,0000-00-00,USA,US,"St. Paul, MN",NA,NA,NA,male,
886,Thomas C.,Südhof,1955-12-22,0000-00-00,Germany,DE,Göttingen,NA,NA,NA,male,
887,François,Englert,1932-11-06,0000-00-00,Belgium,BE,Etterbeek,NA,NA,NA,male,
888,Peter,Higgs,1929-05-29,0000-00-00,United Kingdom,GB,Newcastle upon Tyne,NA,NA,NA,male,
889,Martin,Karplus,1930-03-15,0000-00-00,Austria,AT,Vienna,NA,NA,NA,male,
890,Michael,Levitt,1947-05-09,0000-00-00,South Africa,ZA,Pretoria,NA,NA,NA,male,
891,Arieh,Warshel,1940-11-20,0000-00-00,British Mandate of Palestine (now Israel),IL,Kibbutz Sde-Nahum,NA,NA,NA,male,
892,Alice,Munro,1931-07-10,0000-00-00,Canada,CA,Wingham,NA,NA,NA,female,
893,Organisation for the Prohibition of Chemical Weapons,NA,1997-00-00,0000-00-00,NA,NA,NA,NA,NA,NA,org,
894,Eugene F.,Fama,1939-02-14,0000-00-00,USA,US,"Boston, MA",NA,NA,NA,male,
895,Lars Peter,Hansen,1952-10-26,0000-00-00,USA,US,"Urbana, IL",NA,NA,NA,male,
896,Robert J.,Shiller,1946-03-29,0000-00-00,USA,US,"Detroit, MI",NA,NA,NA,male,
903,John,O'Keefe,1939-11-18,0000-00-00,USA,US,"New York, NY",NA,NA,NA,male,
904,May-Britt,Moser,1963-01-04,0000-00-00,Norway,NO,Fosnavåg,NA,NA,NA,female,
905,Edvard I.,Moser,1962-04-27,0000-00-00,Norway,NO,Ålesund,NA,NA,NA,male,
906,Isamu,Akasaki,1929-01-30,2021-04-01,Japan,JP,Chiran,Japan,JP,Nagoya,male,
907,Hiroshi,Amano,1960-09-11,0000-00-00,Japan,JP,Hamamatsu,NA,NA,NA,male,
908,Shuji,Nakamura,1954-05-22,0000-00-00,Japan,JP,Ikata,NA,NA,NA,male,
909,Eric,Betzig,1960-01-13,0000-00-00,USA,US,"Ann Arbor, MI",NA,NA,NA,male,
910,Stefan W.,Hell,1962-12-23,0000-00-00,Romania,RO,Arad,NA,NA,NA,male,
911,William E.,Moerner,1953-06-24,0000-00-00,USA,US,"Pleasanton, CA",NA,NA,NA,male,
912,Patrick,Modiano,1945-07-30,0000-00-00,France,FR,Paris,NA,NA,NA,male,
913,Kailash,Satyarthi,1954-01-11,0000-00-00,India,IN,Vidisha,NA,NA,NA,male,
914,Malala,Yousafzai,1997-07-12,0000-00-00,Pakistan,PK,Mingora,NA,NA,NA,female,
915,Jean,Tirole,1953-08-09,0000-00-00,France,FR,Troyes,NA,NA,NA,male,
916,William C.,Campbell,1930-06-28,0000-00-00,Ireland,IE,Ramelton,NA,NA,NA,male,
917,Satoshi,Ōmura,1935-07-12,0000-00-00,Japan,JP,Yamanashi Prefecture,NA,NA,NA,male,
918,Youyou,Tu,1930-12-30,0000-00-00,China,CN,Zhejiang Ningbo,NA,NA,NA,female,
919,Takaaki,Kajita,1959-03-09,0000-00-00,Japan,JP,Higashimatsuyama,NA,NA,NA,male,
920,Arthur B.,McDonald,1943-08-29,0000-00-00,Canada,CA,Sydney,NA,NA,NA,male,
921,Tomas,Lindahl,1938-01-28,0000-00-00,Sweden,SE,Stockholm,NA,NA,NA,male,
922,Paul,Modrich,1946-06-13,0000-00-00,USA,US,"Raton, NM",NA,NA,NA,male,
923,Aziz,Sancar,1946-09-08,0000-00-00,Turkey,TR,Savur,NA,NA,NA,male,
924,Svetlana,Alexievich,1948-05-31,0000-00-00,Ukraine,UA,Ivano-Frankivsk,NA,NA,NA,female,
925,National Dialogue Quartet,NA,NA,0000-00-00,NA,NA,NA,NA,NA,NA,org,
926,Angus,Deaton,1945-10-19,0000-00-00,Scotland,GB,Edinburgh,NA,NA,NA,male,
927,Yoshinori,Ohsumi,1945-02-09,0000-00-00,Japan,JP,Fukuoka,NA,NA,NA,male,
928,David J.,Thouless,1934-09-21,2019-04-06,United Kingdom,GB,Bearsden,United Kingdom,GB,Cambridge,male,
929,F. Duncan M.,Haldane,1951-09-14,0000-00-00,United Kingdom,GB,London,NA,NA,NA,male,
930,J. Michael,Kosterlitz,1943-06-22,0000-00-00,United Kingdom,GB,Aberdeen,NA,NA,NA,male,
931,Jean-Pierre,Sauvage,1944-10-21,0000-00-00,France,FR,Paris,NA,NA,NA,male,
932,Sir J. Fraser,Stoddart,1942-05-24,0000-00-00,United Kingdom,GB,Edinburgh,NA,NA,NA,male,
933,Bernard L.,Feringa,1951-05-18,0000-00-00,the Netherlands,NL,Barger-Compascuum,NA,NA,NA,male,
934,Juan Manuel,Santos,1951-08-10,0000-00-00,Colombia,CO,Bogotá,NA,NA,NA,male,
935,Oliver,Hart,1948-10-09,0000-00-00,United Kingdom,GB,London,NA,NA,NA,male,
936,Bengt,Holmström,1949-04-18,0000-00-00,Finland,FI,Helsinki,NA,NA,NA,male,
937,Bob,Dylan,1941-05-24,0000-00-00,USA,US,"Duluth, MN",NA,NA,NA,male,
938,Jeffrey C.,Hall,1945-05-03,0000-00-00,USA,US,"New York, NY",NA,NA,NA,male,
939,Michael,Rosbash,1944-03-07,0000-00-00,USA,US,"Kansas City, MO",NA,NA,NA,male,
940,Michael W.,Young,1949-03-28,0000-00-00,USA,US,"Miami, FL",NA,NA,NA,male,
941,Rainer,Weiss,1932-09-29,0000-00-00,Germany,DE,Berlin,NA,NA,NA,male,
942,Barry C.,Barish,1936-01-27,0000-00-00,USA,US,"Omaha, NE",NA,NA,NA,male,
943,Kip S.,Thorne,1940-06-01,0000-00-00,USA,US,"Logan, UT",NA,NA,NA,male,
944,Jacques,Dubochet,1942-06-08,0000-00-00,Switzerland,CH,Aigle,NA,NA,NA,male,
945,Joachim,Frank,1940-09-12,0000-00-00,Germany,DE,Siegen,NA,NA,NA,male,
946,Richard,Henderson,1945-07-19,0000-00-00,Scotland,GB,Edinburgh,NA,NA,NA,male,
947,Kazuo,Ishiguro,1954-11-08,0000-00-00,Japan,JP,Nagasaki,NA,NA,NA,male,
948,International Campaign to Abolish Nuclear Weapons (ICAN),NA,2007-00-00,0000-00-00,NA,NA,NA,NA,NA,NA,org,
949,Richard H.,Thaler,1945-09-12,0000-00-00,USA,US,"East Orange, NJ",NA,NA,NA,male,
958,James P.,Allison,1948-08-07,0000-00-00,USA,US,"Alice, TX",NA,NA,NA,male,
959,Tasuku,Honjo,1942-01-27,0000-00-00,Japan,JP,Kyoto,NA,NA,NA,male,
960,Arthur,Ashkin,1922-09-02,2020-09-21,USA,US,"New York, NY",USA,US,"Rumson, NJ",male,
961,Gérard,Mourou,1944-06-22,0000-00-00,France,FR,Albertville,NA,NA,NA,male,
962,Donna,Strickland,1959-05-27,0000-00-00,Canada,CA,Guelph,NA,NA,NA,female,
963,Frances H.,Arnold,1956-07-25,0000-00-00,USA,US,"Pittsburgh, PA",NA,NA,NA,female,
964,George P.,Smith,1941-03-10,0000-00-00,USA,US,"Norwalk, CT",NA,NA,NA,male,
965,Sir Gregory P.,Winter,1951-04-14,0000-00-00,United Kingdom,GB,Leicester,NA,NA,NA,male,
966,Denis,Mukwege,1955-03-01,0000-00-00,Belgian Congo (now Democratic Republic of the Congo),CD,Bukavu,NA,NA,NA,male,
967,Nadia,Murad,1993-00-00,0000-00-00,Iraq,IQ,Kojo,NA,NA,NA,female,
968,William D.,Nordhaus,1941-05-31,0000-00-00,USA,US,"Albuquerque, NM",NA,NA,NA,male,
969,Paul M.,Romer,1955-00-00,0000-00-00,USA,US,"Denver, CO",NA,NA,NA,male,
970,William,Kaelin,1957-11-23,0000-00-00,USA,US,"New York, NY",NA,NA,NA,male,
971,Peter,Ratcliffe,1954-05-14,0000-00-00,United Kingdom,GB,Lancashire,NA,NA,NA,male,
972,Gregg,Semenza,1956-07-12,0000-00-00,USA,US,"New York, NY",NA,NA,NA,male,
973,James,Peebles,1935-04-25,0000-00-00,Canada,CA,Winnipeg,NA,NA,NA,male,
974,Michel,Mayor,1942-01-12,0000-00-00,Switzerland,CH,Lausanne,NA,NA,NA,male,
975,Didier,Queloz,1966-02-23,0000-00-00,Switzerland,CH,Geneva,NA,NA,NA,male,
976,John,Goodenough,1922-07-25,0000-00-00,Germany,DE,Jena,NA,NA,NA,male,
977,M. Stanley,Whittingham,1941-12-22,0000-00-00,United Kingdom,GB,NA,NA,NA,NA,male,
978,Akira,Yoshino,1948-01-30,0000-00-00,Japan,JP,Suita,NA,NA,NA,male,
979,Olga,Tokarczuk,1962-01-29,0000-00-00,Poland,PL,Sulechów,NA,NA,NA,female,
980,Peter,Handke,1942-12-06,0000-00-00,Austria,AT,Griffen,NA,NA,NA,male,
981,Abiy,Ahmed Ali,1976-08-15,0000-00-00,Ethiopia,ET,Beshasha,NA,NA,NA,male,
982,Abhijit,Banerjee,1961-02-21,0000-00-00,India,IN,Mumbai,NA,NA,NA,male,
983,Esther,Duflo,1972-10-25,0000-00-00,France,FR,Paris,NA,NA,NA,female,
984,Michael,Kremer,1964-11-12,0000-00-00,USA,US,"New York, NY",NA,NA,NA,male,
985,Harvey,Alter,1935-09-12,0000-00-00,USA,US,"New York, NY",NA,NA,NA,male,
986,Michael,Houghton,NA,0000-00-00,United Kingdom,GB,NA,NA,NA,NA,male,
987,Charles,Rice,1952-08-25,0000-00-00,USA,US,"Sacramento, CA",NA,NA,NA,male,
988,Roger,Penrose,1931-08-08,0000-00-00,United Kingdom,GB,Colchester,NA,NA,NA,male,
989,Reinhard,Genzel,1952-03-24,0000-00-00,Germany,DE,Bad Homburg vor der Höhe,NA,NA,NA,male,
990,Andrea,Ghez,1965-06-16,0000-00-00,USA,US,"New York, NY",NA,NA,NA,female,
991,Emmanuelle,Charpentier,1968-12-11,0000-00-00,France,FR,Juvisy-sur-Orge,NA,NA,NA,female,
992,Jennifer A.,Doudna,1964-02-19,0000-00-00,USA,US,"Washington, DC",NA,NA,NA,female,
993,Louise,Glück,1943-04-22,0000-00-00,USA,US,"New York, NY",NA,NA,NA,female,
994,World Food Programme,NA,1961-00-00,0000-00-00,NA,NA,NA,NA,NA,NA,org,
995,Paul,Milgrom,1948-04-20,0000-00-00,USA,US,"Detroit, MI",NA,NA,NA,male,
996,Robert,Wilson,1937-05-16,0000-00-00,USA,US,"Geneva, NE",NA,NA,NA,male,
997,David,Julius,1955-11-04,0000-00-00,USA,US,"New York, NY",NA,NA,NA,male,
998,Ardem,Patapoutian,1967-00-00,0000-00-00,Lebanon,LB,Beirut,NA,NA,NA,male,
999,Syukuro,Manabe,1931-09-21,0000-00-00,Japan,JP,"Shingu, Ehime",NA,NA,NA,male,
1000,Klaus,Hasselmann,1931-10-25,0000-00-00,Germany,DE,Hamburg,NA,NA,NA,male,
1001,Giorgio,Parisi,1948-08-04,0000-00-00,Italy,IT,Rome,NA,NA,NA,male,
1002,Benjamin,List,1968-01-11,0000-00-00,Germany,DE,Frankfurt-on-the-Main,NA,NA,NA,male,
1003,David,MacMillan,1968-00-00,0000-00-00,United Kingdom,GB,Bellshill,NA,NA,NA,male,
1004,Abdulrazak,Gurnah,1948-00-00,0000-00-00,NA,NA,NA,NA,NA,NA,male,
1005,Maria,Ressa,1963-10-02,0000-00-00,Philippines,PH,Manila,NA,NA,NA,female,
1006,Dmitry,Muratov,1961-00-00,0000-00-00,USSR (now Russia),RU,Kubyshev (now Samara),NA,NA,NA,male,
1007,David,Card,1956-00-00,0000-00-00,Canada,CA,Guelph,NA,NA,NA,male,
1008,Joshua,Angrist,1960-00-00,0000-00-00,USA,US,"Columbus, OH",NA,NA,NA,male,
1009,Guido,Imbens,1963-09-03,0000-00-00,the Netherlands,NL,NA,NA,NA,NA,male,
